Date,Open,High,Low,Close*,Adj Close**,Volume
"Sep 13, 2023","1,252.20","1,252.20","1,252.20","1,252.20","1,252.20",-
"Sep 12, 2023","1,236.20","1,236.20","1,236.20","1,236.20","1,236.20",-
"Sep 11, 2023","1,203.50","1,210.10","1,197.00","1,210.10","1,210.10",2
"Sep 08, 2023","1,207.00","1,209.00","1,183.20","1,183.20","1,183.20",2
"Sep 07, 2023","1,198.50","1,205.90","1,198.50","1,205.90","1,205.90",5
"Sep 06, 2023","1,200.40","1,200.40","1,200.40","1,200.40","1,200.40",-
"Sep 05, 2023","1,204.00","1,204.00","1,204.00","1,204.00","1,204.00",-
"Sep 01, 2023","1,217.20","1,217.20","1,217.20","1,217.20","1,217.20",-
"Aug 31, 2023","1,228.00","1,228.00","1,207.80","1,207.80","1,207.80",19
"Aug 30, 2023","1,236.50","1,241.00","1,203.00","1,216.90","1,216.90",439
"Aug 29, 2023","1,232.80","1,232.80","1,232.80","1,232.80","1,232.80","2,836"
"Aug 28, 2023","1,245.40","1,245.40","1,245.40","1,245.40","1,245.40",1
"Aug 25, 2023","1,218.20","1,218.20","1,218.20","1,218.20","1,218.20",1
"Aug 24, 2023","1,233.70","1,233.70","1,233.70","1,233.70","1,233.70",1
"Aug 23, 2023","1,270.50","1,270.50","1,270.50","1,270.50","1,270.50",1
"Aug 22, 2023","1,253.90","1,253.90","1,253.90","1,253.90","1,253.90",1
"Aug 21, 2023","1,228.20","1,228.20","1,228.20","1,228.20","1,228.20",1
"Aug 18, 2023","1,249.10","1,249.10","1,249.10","1,249.10","1,249.10",1
"Aug 17, 2023","1,209.60","1,209.60","1,209.60","1,209.60","1,209.60",1
"Aug 16, 2023","1,201.50","1,201.50","1,201.50","1,201.50","1,201.50",1
"Aug 15, 2023","1,227.70","1,227.70","1,227.70","1,227.70","1,227.70",1
"Aug 14, 2023","1,262.00","1,262.00","1,262.00","1,262.00","1,262.00",1
"Aug 11, 2023","1,298.20","1,298.20","1,298.20","1,298.20","1,298.20",1
"Aug 10, 2023","1,294.60","1,294.60","1,294.60","1,294.60","1,294.60",1
"Aug 09, 2023","1,220.60","1,220.60","1,220.60","1,220.60","1,220.60",1
"Aug 08, 2023","1,207.20","1,207.20","1,207.20","1,207.20","1,207.20",1
"Aug 07, 2023","1,225.30","1,225.30","1,225.30","1,225.30","1,225.30",1
"Aug 04, 2023","1,253.70","1,253.70","1,253.70","1,253.70","1,253.70",1
"Aug 03, 2023","1,246.50","1,246.50","1,246.50","1,246.50","1,246.50",1
"Aug 02, 2023","1,230.90","1,230.90","1,230.90","1,230.90","1,230.90",1
"Aug 01, 2023","1,226.20","1,226.20","1,226.20","1,226.20","1,226.20",1
"Jul 31, 2023","1,264.70","1,264.70","1,264.70","1,264.70","1,264.70",1
"Jul 28, 2023","1,228.70","1,228.70","1,228.70","1,228.70","1,228.70",1
"Jul 27, 2023","1,231.70","1,231.70","1,231.70","1,231.70","1,231.70",1
"Jul 26, 2023","1,251.00","1,251.00","1,251.00","1,251.00","1,251.00",5
"Jul 25, 2023","1,276.30","1,276.30","1,276.30","1,276.30","1,276.30",5
"Jul 24, 2023","1,263.90","1,263.90","1,263.90","1,263.90","1,263.90",5
"Jul 21, 2023","1,281.60","1,281.60","1,281.60","1,281.60","1,281.60",5
"Jul 20, 2023","1,270.40","1,270.40","1,270.40","1,270.40","1,270.40",5
"Jul 19, 2023","1,302.50","1,302.50","1,302.50","1,302.50","1,302.50",5
"Jul 18, 2023","1,311.60","1,311.60","1,311.60","1,311.60","1,311.60",5
"Jul 17, 2023","1,276.20","1,276.20","1,276.20","1,276.20","1,276.20",5
"Jul 14, 2023","1,257.80","1,257.80","1,257.80","1,257.80","1,257.80",5
"Jul 13, 2023","1,283.20","1,283.20","1,283.20","1,283.20","1,283.20",5
"Jul 12, 2023","1,271.20","1,271.20","1,271.20","1,271.20","1,271.20",5
"Jul 11, 2023","1,239.30","1,239.30","1,239.30","1,239.30","1,239.30",5
"Jul 10, 2023","1,228.10","1,228.10","1,228.10","1,228.10","1,228.10",5
"Jul 07, 2023","1,236.50","1,236.50","1,236.50","1,236.50","1,236.50",5
"Jul 06, 2023","1,230.80","1,230.80","1,230.80","1,230.80","1,230.80",5
"Jul 05, 2023","1,249.30","1,249.30","1,249.30","1,249.30","1,249.30",5
"Jul 03, 2023","1,218.40","1,218.40","1,218.40","1,218.40","1,218.40",5
"Jun 30, 2023","1,213.40","1,213.40","1,213.40","1,213.40","1,213.40",5
"Jun 29, 2023","1,218.80","1,218.80","1,218.80","1,218.80","1,218.80",5
"Jun 28, 2023","1,236.00","1,236.00","1,236.00","1,236.00","1,236.00",5
"Jun 27, 2023","1,283.20","1,283.20","1,283.20","1,283.20","1,283.20",1
"Jun 26, 2023","1,300.00","1,308.00","1,291.80","1,291.80","1,291.80",2
"Jun 23, 2023","1,268.10","1,268.10","1,268.10","1,268.10","1,268.10",-
"Jun 22, 2023","1,261.70","1,261.70","1,261.70","1,261.70","1,261.70",-
"Jun 21, 2023","1,335.50","1,337.00","1,333.00","1,335.50","1,335.50",14
"Jun 20, 2023","1,366.50","1,366.50","1,361.50","1,363.20","1,363.20",3
"Jun 16, 2023","1,401.80","1,401.80","1,401.80","1,401.80","1,401.80",-
"Jun 15, 2023","1,383.00","1,383.00","1,383.00","1,383.00","1,383.00",-
"Jun 14, 2023","1,387.90","1,387.90","1,387.90","1,387.90","1,387.90",-
"Jun 13, 2023","1,344.10","1,344.10","1,344.10","1,344.10","1,344.10",-
"Jun 12, 2023","1,325.90","1,325.90","1,325.90","1,325.90","1,325.90",-
"Jun 09, 2023","1,338.00","1,338.00","1,289.50","1,289.60","1,289.60",7
"Jun 08, 2023","1,379.00","1,379.00","1,343.10","1,343.10","1,343.10",7
"Jun 07, 2023","1,394.00","1,400.00","1,372.70","1,372.70","1,372.70",35
"Jun 06, 2023","1,403.50","1,403.50","1,396.60","1,396.60","1,396.60",3
"Jun 05, 2023","1,391.00","1,396.50","1,389.00","1,395.50","1,395.50",6
"Jun 02, 2023","1,386.80","1,386.80","1,386.80","1,386.80","1,386.80",-
"Jun 01, 2023","1,356.00","1,384.00","1,346.50","1,375.90","1,375.90",23
"May 31, 2023","1,394.00","1,394.00","1,340.00","1,340.90","1,340.90",16
"May 30, 2023","1,423.00","1,430.00","1,371.50","1,378.60","1,378.60",747
"May 26, 2023","1,431.50","1,431.50","1,431.50","1,431.50","1,431.50","3,330"
"May 25, 2023","1,424.00","1,424.00","1,404.00","1,423.60","1,423.60",2
"May 24, 2023","1,406.10","1,406.10","1,406.10","1,406.10","1,406.10",1
"May 23, 2023","1,454.70","1,454.70","1,454.70","1,454.70","1,454.70",1
"May 22, 2023","1,500.20","1,500.20","1,500.20","1,500.20","1,500.20",1
"May 19, 2023","1,531.80","1,531.80","1,531.80","1,531.80","1,531.80",1
"May 18, 2023","1,458.20","1,458.20","1,458.20","1,458.20","1,458.20",1
"May 17, 2023","1,492.90","1,492.90","1,492.90","1,492.90","1,492.90",1
"May 16, 2023","1,507.60","1,507.60","1,507.60","1,507.60","1,507.60",1
"May 15, 2023","1,538.30","1,538.30","1,538.30","1,538.30","1,538.30",1
"May 12, 2023","1,521.80","1,521.80","1,521.80","1,521.80","1,521.80",1
"May 11, 2023","1,562.00","1,562.00","1,562.00","1,562.00","1,562.00",1
"May 10, 2023","1,613.10","1,613.10","1,613.10","1,613.10","1,613.10",1
"May 09, 2023","1,587.70","1,587.70","1,587.70","1,587.70","1,587.70",1
"May 08, 2023","1,571.40","1,571.40","1,571.40","1,571.40","1,571.40",1
"May 05, 2023","1,494.80","1,494.80","1,494.80","1,494.80","1,494.80",1
"May 04, 2023","1,449.60","1,449.60","1,449.60","1,449.60","1,449.60",1
"May 03, 2023","1,424.80","1,424.80","1,424.80","1,424.80","1,424.80",1
"May 02, 2023","1,429.00","1,429.00","1,429.00","1,429.00","1,429.00",1
"May 01, 2023","1,454.80","1,454.80","1,454.80","1,454.80","1,454.80",1
"Apr 28, 2023","1,517.90","1,517.90","1,517.90","1,517.90","1,517.90",1
"Apr 27, 2023","1,500.40","1,500.40","1,500.40","1,500.40","1,500.40",1
"Apr 26, 2023","1,505.10","1,505.10","1,505.10","1,505.10","1,505.10",1
"Apr 25, 2023","1,477.60","1,477.60","1,477.60","1,477.60","1,477.60",-
"Apr 24, 2023","1,531.10","1,531.10","1,531.10","1,531.10","1,531.10",-
"Apr 21, 2023","1,604.10","1,604.10","1,604.10","1,604.10","1,604.10",-
"Apr 20, 2023","1,585.40","1,585.40","1,585.40","1,585.40","1,585.40",-
"Apr 19, 2023","1,615.50","1,615.50","1,615.50","1,615.50","1,615.50",-
"Apr 18, 2023","1,639.60","1,639.60","1,639.60","1,639.60","1,639.60",-
"Apr 17, 2023","1,557.20","1,557.20","1,557.20","1,557.20","1,557.20",-
"Apr 14, 2023","1,493.00","1,493.00","1,493.00","1,493.00","1,493.00",-
"Apr 13, 2023","1,492.30","1,492.30","1,492.30","1,492.30","1,492.30",-
"Apr 12, 2023","1,452.60","1,452.60","1,452.60","1,452.60","1,452.60",-
"Apr 11, 2023","1,440.30","1,440.30","1,440.30","1,440.30","1,440.30",-
"Apr 10, 2023","1,404.30","1,404.30","1,404.30","1,404.30","1,404.30",-
"Apr 06, 2023","1,459.10","1,459.10","1,459.10","1,459.10","1,459.10",-
"Apr 05, 2023","1,422.00","1,422.00","1,422.00","1,422.00","1,422.00",-
"Apr 04, 2023","1,452.40","1,452.40","1,452.40","1,452.40","1,452.40",-
"Apr 03, 2023","1,456.00","1,456.00","1,456.00","1,456.00","1,456.00",-
"Mar 31, 2023","1,466.00","1,466.00","1,466.00","1,466.00","1,466.00",-
"Mar 30, 2023","1,464.60","1,464.60","1,464.60","1,464.60","1,464.60",-
"Mar 29, 2023","1,399.00","1,425.90","1,399.00","1,425.90","1,425.90",-
"Mar 28, 2023","1,403.50","1,403.50","1,403.50","1,403.50","1,403.50",2
"Mar 27, 2023","1,392.90","1,392.90","1,392.90","1,392.90","1,392.90",-
"Mar 24, 2023","1,403.30","1,403.30","1,403.30","1,403.30","1,403.30",-
"Mar 23, 2023","1,421.40","1,421.40","1,421.40","1,421.40","1,421.40",-
"Mar 22, 2023","1,360.00","1,433.30","1,360.00","1,433.30","1,433.30",4
"Mar 21, 2023","1,369.30","1,369.30","1,369.30","1,369.30","1,369.30",1
"Mar 20, 2023","1,390.50","1,390.50","1,386.50","1,386.50","1,386.50",5
"Mar 17, 2023","1,433.00","1,435.00","1,372.20","1,372.20","1,372.20",10
"Mar 16, 2023","1,443.00","1,443.00","1,395.80","1,395.80","1,395.80",1
"Mar 15, 2023","1,430.60","1,430.60","1,430.60","1,430.60","1,430.60",-
"Mar 14, 2023","1,469.50","1,503.50","1,469.50","1,503.50","1,503.50",3
"Mar 13, 2023","1,372.50","1,461.70","1,367.00","1,461.70","1,461.70",3
"Mar 10, 2023","1,348.10","1,348.10","1,348.10","1,348.10","1,348.10",-
"Mar 09, 2023","1,342.50","1,359.40","1,342.50","1,359.40","1,359.40",2
"Mar 08, 2023","1,353.50","1,360.00","1,339.00","1,346.40","1,346.40",6
"Mar 07, 2023","1,353.70","1,353.70","1,353.70","1,353.70","1,353.70",-
"Mar 06, 2023","1,407.40","1,407.40","1,407.40","1,407.40","1,407.40",-
"Mar 03, 2023","1,431.20","1,431.20","1,431.20","1,431.20","1,431.20",2
"Mar 02, 2023","1,428.90","1,428.90","1,428.90","1,428.90","1,428.90",-
"Mar 01, 2023","1,421.70","1,421.70","1,421.70","1,421.70","1,421.70",4
"Feb 28, 2023","1,409.00","1,411.00","1,370.50","1,404.40","1,404.40",59
"Feb 27, 2023","1,387.00","1,455.00","1,381.00","1,410.50","1,410.50",457
"Feb 24, 2023","1,374.30","1,374.30","1,374.30","1,374.30","1,374.30","3,356"
"Feb 23, 2023","1,425.60","1,425.60","1,425.60","1,425.60","1,425.60",4
"Feb 22, 2023","1,479.20","1,479.20","1,479.20","1,479.20","1,479.20",4
"Feb 21, 2023","1,517.70","1,517.70","1,517.70","1,517.70","1,517.70",4
"Feb 17, 2023","1,489.50","1,489.50","1,489.50","1,489.50","1,489.50",4
"Feb 16, 2023","1,522.70","1,522.70","1,522.70","1,522.70","1,522.70",4
"Feb 15, 2023","1,449.00","1,451.00","1,441.50","1,441.50","1,441.50",4
"Feb 14, 2023","1,463.20","1,463.20","1,463.20","1,463.20","1,463.20",2
"Feb 13, 2023","1,533.50","1,533.50","1,533.50","1,533.50","1,533.50",2
"Feb 10, 2023","1,521.90","1,521.90","1,521.90","1,521.90","1,521.90",2
"Feb 09, 2023","1,613.70","1,613.70","1,613.70","1,613.70","1,613.70",2
"Feb 08, 2023","1,632.90","1,632.90","1,632.90","1,632.90","1,632.90",2
"Feb 07, 2023","1,638.60","1,638.60","1,638.60","1,638.60","1,638.60",2
"Feb 06, 2023","1,575.60","1,575.60","1,575.60","1,575.60","1,575.60",2
"Feb 03, 2023","1,614.60","1,614.60","1,614.60","1,614.60","1,614.60",2
"Feb 02, 2023","1,638.80","1,638.80","1,638.80","1,638.80","1,638.80",2
"Feb 01, 2023","1,628.80","1,628.80","1,628.80","1,628.80","1,628.80",2
"Jan 31, 2023","1,644.50","1,644.50","1,644.50","1,644.50","1,644.50",2
"Jan 30, 2023","1,622.00","1,622.00","1,622.00","1,622.00","1,622.00",2
"Jan 27, 2023","1,591.20","1,591.20","1,591.20","1,591.20","1,591.20",2
"Jan 26, 2023","1,655.30","1,655.30","1,655.30","1,655.30","1,655.30",2
"Jan 25, 2023","1,679.40","1,679.40","1,679.40","1,679.40","1,679.40",2
"Jan 24, 2023","1,727.00","1,727.00","1,727.00","1,727.00","1,727.00",2
"Jan 23, 2023","1,692.90","1,692.90","1,692.90","1,692.90","1,692.90",2
"Jan 20, 2023","1,713.70","1,713.70","1,713.70","1,713.70","1,713.70",2
"Jan 19, 2023","1,759.00","1,759.00","1,759.00","1,759.00","1,759.00",2
"Jan 18, 2023","1,696.20","1,696.20","1,696.20","1,696.20","1,696.20",2
"Jan 17, 2023","1,724.20","1,724.20","1,724.20","1,724.20","1,724.20",2
"Jan 13, 2023","1,777.50","1,777.50","1,777.50","1,777.50","1,777.50",2
"Jan 12, 2023","1,781.10","1,781.10","1,781.10","1,781.10","1,781.10",2
"Jan 11, 2023","1,771.30","1,771.30","1,771.30","1,771.30","1,771.30",2
"Jan 10, 2023","1,768.30","1,768.30","1,768.30","1,768.30","1,768.30",2
"Jan 09, 2023","1,766.70","1,768.00","1,748.50","1,766.70","1,766.70",2
"Jan 06, 2023","1,798.00","1,798.00","1,798.00","1,798.00","1,798.00",2
"Jan 05, 2023","1,724.00","1,724.00","1,724.00","1,724.00","1,724.00",-
"Jan 04, 2023","1,788.00","1,788.00","1,788.00","1,788.00","1,788.00",-
"Jan 03, 2023","1,684.20","1,684.20","1,684.20","1,684.20","1,684.20",-
"Dec 30, 2022","1,789.30","1,789.30","1,789.30","1,789.30","1,789.30",-
"Dec 29, 2022","1,807.90","1,807.90","1,807.90","1,807.90","1,807.90",-
"Dec 28, 2022","1,763.20","1,763.20","1,763.20","1,763.20","1,763.20",-
"Dec 27, 2022","1,804.50","1,804.50","1,804.50","1,804.50","1,804.50",-
"Dec 23, 2022","1,710.20","1,710.20","1,710.20","1,710.20","1,710.20",-
"Dec 22, 2022","1,650.00","1,650.00","1,650.00","1,650.00","1,650.00",-
"Dec 21, 2022","1,644.40","1,644.40","1,644.40","1,644.40","1,644.40",-
"Dec 20, 2022","1,711.10","1,711.10","1,711.10","1,711.10","1,711.10",-
"Dec 19, 2022","1,701.50","1,701.50","1,642.50","1,642.50","1,642.50",5
"Dec 16, 2022","1,795.00","1,795.00","1,684.20","1,684.20","1,684.20",17
"Dec 15, 2022","1,791.20","1,791.20","1,752.50","1,791.20","1,791.20",14
"Dec 14, 2022","1,899.70","1,899.70","1,899.70","1,899.70","1,899.70",-
"Dec 13, 2022","1,914.30","1,914.30","1,914.30","1,914.30","1,914.30",-
"Dec 12, 2022","1,861.70","1,861.70","1,861.70","1,861.70","1,861.70",-
"Dec 09, 2022","1,946.40","1,946.40","1,946.40","1,946.40","1,946.40",-
"Dec 08, 2022","1,908.40","1,908.40","1,908.40","1,908.40","1,908.40",-
"Dec 07, 2022","1,831.90","1,831.90","1,831.90","1,831.90","1,831.90",1
"Dec 06, 2022","1,829.10","1,829.10","1,829.10","1,829.10","1,829.10",-
"Dec 05, 2022","1,839.60","1,839.60","1,839.60","1,839.60","1,839.60",-
"Dec 02, 2022","1,862.50","1,879.40","1,857.00","1,879.40","1,879.40",9
"Dec 01, 2022","1,873.00","1,924.60","1,873.00","1,924.60","1,924.60",2
"Nov 30, 2022","1,866.00","1,911.00","1,832.00","1,845.00","1,845.00",63
"Nov 29, 2022","1,848.00","1,875.00","1,812.00","1,816.50","1,816.50",212
"Nov 28, 2022","1,834.50","1,834.50","1,834.50","1,834.50","1,834.50","1,405"
"Nov 25, 2022","1,818.90","1,818.90","1,818.90","1,818.90","1,818.90",-
"Nov 23, 2022","1,873.30","1,873.30","1,873.30","1,873.30","1,873.30",-
"Nov 22, 2022","1,854.90","1,854.90","1,854.90","1,854.90","1,854.90",-
"Nov 21, 2022","1,850.40","1,850.40","1,850.40","1,850.40","1,850.40",-
"Nov 18, 2022","1,936.30","1,936.30","1,936.30","1,936.30","1,936.30",-
"Nov 17, 2022","2,007.40","2,007.40","2,007.40","2,007.40","2,007.40",-
"Nov 16, 2022","2,078.70","2,078.70","2,078.70","2,078.70","2,078.70",-
"Nov 15, 2022","2,075.70","2,075.70","2,075.70","2,075.70","2,075.70",-
"Nov 14, 2022","2,036.90","2,036.90","2,036.90","2,036.90","2,036.90",-
"Nov 11, 2022","2,023.90","2,023.90","2,023.90","2,023.90","2,023.90",-
"Nov 10, 2022","1,951.60","1,951.60","1,951.60","1,951.60","1,951.60",-
"Nov 09, 2022","1,856.60","1,856.60","1,856.60","1,856.60","1,856.60",-
"Nov 08, 2022","1,930.00","1,930.00","1,930.00","1,930.00","1,930.00",-
"Nov 07, 2022","1,894.90","1,894.90","1,894.90","1,894.90","1,894.90",-
"Nov 04, 2022","1,836.90","1,836.90","1,836.90","1,836.90","1,836.90",-
"Nov 03, 2022","1,795.50","1,795.50","1,795.50","1,795.50","1,795.50",-
"Nov 02, 2022","1,847.50","1,847.50","1,847.50","1,847.50","1,847.50",-
"Nov 01, 2022","1,874.40","1,874.40","1,874.40","1,874.40","1,874.40",-
"Oct 31, 2022","1,829.10","1,829.10","1,829.10","1,829.10","1,829.10",-
"Oct 28, 2022","1,894.60","1,894.60","1,894.60","1,894.60","1,894.60",-
"Oct 27, 2022","1,928.40","1,928.40","1,928.40","1,928.40","1,928.40",-
"Oct 26, 2022","1,950.70","1,950.70","1,950.70","1,950.70","1,950.70",1
"Oct 25, 2022","1,909.00","1,909.00","1,909.00","1,909.00","1,909.00",1
"Oct 24, 2022","1,958.00","1,958.00","1,958.00","1,958.00","1,958.00",1
"Oct 21, 2022","1,995.70","1,995.70","1,995.70","1,995.70","1,995.70",1
"Oct 20, 2022","2,069.80","2,069.80","2,069.80","2,069.80","2,069.80",1
"Oct 19, 2022","1,985.70","1,985.70","1,985.70","1,985.70","1,985.70",1
"Oct 18, 2022","2,004.10","2,004.10","2,004.10","2,004.10","2,004.10",1
"Oct 17, 2022","1,990.10","1,990.10","1,990.10","1,990.10","1,990.10",1
"Oct 14, 2022","1,987.50","1,987.50","1,987.50","1,987.50","1,987.50",1
"Oct 13, 2022","2,107.40","2,107.40","2,107.40","2,107.40","2,107.40",1
"Oct 12, 2022","2,126.60","2,126.60","2,126.60","2,126.60","2,126.60",1
"Oct 11, 2022","2,140.60","2,140.60","2,140.60","2,140.60","2,140.60",1
"Oct 10, 2022","2,158.10","2,158.10","2,158.10","2,158.10","2,158.10",1
"Oct 07, 2022","2,182.30","2,182.30","2,182.30","2,182.30","2,182.30",1
"Oct 06, 2022","2,266.50","2,266.50","2,266.50","2,266.50","2,266.50",1
"Oct 05, 2022","2,246.90","2,246.90","2,246.90","2,246.90","2,246.90",1
"Oct 04, 2022","2,321.20","2,321.20","2,321.20","2,321.20","2,321.20",1
"Oct 03, 2022","2,223.20","2,223.20","2,223.20","2,223.20","2,223.20",1
"Sep 30, 2022","2,173.20","2,173.20","2,173.20","2,173.20","2,173.20",1
"Sep 29, 2022","2,202.10","2,202.10","2,202.10","2,202.10","2,202.10",1
"Sep 28, 2022","2,150.60","2,150.60","2,150.60","2,150.60","2,150.60",1
"Sep 27, 2022","2,076.90","2,076.90","2,076.90","2,076.90","2,076.90",1
"Sep 26, 2022","2,035.50","2,035.50","2,035.50","2,035.50","2,035.50",1
"Sep 23, 2022","2,056.50","2,056.50","2,056.40","2,056.50","2,056.50",2
"Sep 22, 2022","2,160.50","2,160.70","2,160.50","2,160.50","2,160.50",-
"Sep 21, 2022","2,109.00","2,109.10","2,109.00","2,109.00","2,109.00",-
"Sep 20, 2022","2,188.00","2,188.00","2,156.10","2,156.10","2,156.10",2
"Sep 19, 2022","2,201.00","2,211.50","2,201.00","2,203.90","2,203.90",8
"Sep 16, 2022","2,098.10","2,098.10","2,098.10","2,098.10","2,098.10",-
"Sep 15, 2022","2,134.00","2,134.00","2,131.30","2,131.30","2,131.30",2
"Sep 14, 2022","2,158.30","2,158.30","2,158.30","2,158.30","2,158.30",-
"Sep 13, 2022","2,095.70","2,095.70","2,095.70","2,095.70","2,095.70",7
"Sep 12, 2022","2,247.00","2,259.20","2,227.00","2,259.20","2,259.20",10
"Sep 09, 2022","2,162.70","2,162.70","2,162.70","2,162.70","2,162.70",-
"Sep 08, 2022","2,011.50","2,143.50","2,011.50","2,132.00","2,132.00",7
"Sep 07, 2022","2,007.90","2,019.50","2,007.90","2,007.90","2,007.90",2
"Sep 06, 2022","2,030.00","2,030.00","1,956.40","1,956.40","1,956.40",13
"Sep 02, 2022","2,004.00","2,012.30","2,004.00","2,012.30","2,012.30",4
"Sep 01, 2022","2,074.00","2,074.00","1,982.80","1,982.80","1,982.80",15
"Aug 31, 2022","2,050.00","2,068.00","2,050.00","2,066.60","2,066.60",26
"Aug 30, 2022","2,149.00","2,160.00","2,052.00","2,079.60","2,079.60",340
"Aug 29, 2022","2,123.30","2,123.30","2,123.30","2,123.30","2,123.30",896
"Aug 26, 2022","2,120.40","2,120.40","2,120.40","2,120.40","2,120.40",2
"Aug 25, 2022","2,138.30","2,138.30","2,138.30","2,138.30","2,138.30",2
"Aug 24, 2022","2,024.10","2,024.10","2,024.10","2,024.10","2,024.10",2
"Aug 23, 2022","1,971.40","1,971.40","1,971.40","1,971.40","1,971.40",2
"Aug 22, 2022","1,980.30","1,980.30","1,980.30","1,980.30","1,980.30",2
"Aug 19, 2022","2,129.00","2,129.00","2,129.00","2,129.00","2,129.00",2
"Aug 18, 2022","2,147.00","2,147.00","2,147.00","2,147.00","2,147.00",2
"Aug 17, 2022","2,134.30","2,134.30","2,134.30","2,134.30","2,134.30",2
"Aug 16, 2022","2,146.60","2,146.60","2,146.60","2,146.60","2,146.60",2
"Aug 15, 2022","2,155.90","2,155.90","2,155.90","2,155.90","2,155.90",2
"Aug 12, 2022","2,216.80","2,216.80","2,216.80","2,216.80","2,216.80",2
"Aug 11, 2022","2,285.80","2,285.80","2,285.80","2,285.80","2,285.80",2
"Aug 10, 2022","2,243.70","2,243.70","2,243.70","2,243.70","2,243.70",2
"Aug 09, 2022","2,216.60","2,216.60","2,216.60","2,216.60","2,216.60",2
"Aug 08, 2022","2,239.30","2,239.30","2,239.30","2,239.30","2,239.30",2
"Aug 05, 2022","2,126.30","2,126.30","2,126.30","2,126.30","2,126.30",2
"Aug 04, 2022","2,075.30","2,075.30","2,075.30","2,075.30","2,075.30",2
"Aug 03, 2022","2,004.40","2,004.40","2,004.40","2,004.40","2,004.40",2
"Aug 02, 2022","2,086.70","2,086.70","2,086.70","2,086.70","2,086.70",2
"Aug 01, 2022","2,198.60","2,198.60","2,198.60","2,198.60","2,198.60",2
"Jul 29, 2022","2,128.90","2,128.90","2,128.90","2,128.90","2,128.90",2
"Jul 28, 2022","2,079.40","2,079.40","2,079.40","2,079.40","2,079.40",2
"Jul 27, 2022","1,999.00","1,999.00","1,999.00","1,999.00","1,999.00",2
"Jul 26, 2022","2,005.80","2,005.80","2,005.80","2,005.80","2,005.80",-
"Jul 25, 2022","1,997.70","1,997.70","1,997.70","1,997.70","1,997.70",-
"Jul 22, 2022","2,013.20","2,013.20","2,013.20","2,013.20","2,013.20",-
"Jul 21, 2022","1,871.10","1,871.10","1,871.10","1,871.10","1,871.10",-
"Jul 20, 2022","1,856.00","1,856.00","1,856.00","1,856.00","1,856.00",-
"Jul 19, 2022","1,848.80","1,848.80","1,848.80","1,848.80","1,848.80",-
"Jul 18, 2022","1,843.70","1,843.70","1,843.70","1,843.70","1,843.70",-
"Jul 15, 2022","1,824.00","1,824.00","1,824.00","1,824.00","1,824.00",-
"Jul 14, 2022","1,892.70","1,892.70","1,892.70","1,892.70","1,892.70",-
"Jul 13, 2022","1,966.00","1,966.00","1,966.00","1,966.00","1,966.00",-
"Jul 12, 2022","2,010.20","2,010.20","2,010.20","2,010.20","2,010.20",-
"Jul 11, 2022","2,166.20","2,166.20","2,166.20","2,166.20","2,166.20",-
"Jul 08, 2022","2,151.20","2,151.20","2,151.20","2,151.20","2,151.20",-
"Jul 07, 2022","1,987.40","1,987.40","1,987.40","1,987.40","1,987.40",-
"Jul 06, 2022","1,889.20","1,889.20","1,889.20","1,889.20","1,889.20",-
"Jul 05, 2022","1,911.70","1,911.70","1,911.70","1,911.70","1,911.70",-
"Jul 01, 2022","1,930.80","1,930.80","1,930.80","1,930.80","1,930.80",-
"Jun 30, 2022","1,908.70","1,908.70","1,908.70","1,908.70","1,908.70",-
"Jun 29, 2022","1,939.60","1,939.60","1,939.60","1,939.60","1,939.60",-
"Jun 28, 2022","1,853.40","1,853.40","1,853.40","1,853.40","1,853.40",1
"Jun 27, 2022","1,850.60","1,850.60","1,850.60","1,850.60","1,850.60",-
"Jun 24, 2022","1,845.40","1,845.40","1,845.40","1,845.40","1,845.40",-
"Jun 23, 2022","1,815.20","1,815.20","1,815.20","1,815.20","1,815.20",-
"Jun 22, 2022","1,829.00","1,829.00","1,829.00","1,829.00","1,829.00",-
"Jun 21, 2022","1,853.80","1,853.80","1,853.80","1,853.80","1,853.80",-
"Jun 17, 2022","1,789.80","1,789.80","1,789.80","1,789.80","1,789.80",-
"Jun 16, 2022","1,832.50","1,857.70","1,824.50","1,857.70","1,857.70",22
"Jun 15, 2022","1,822.50","1,826.00","1,822.50","1,826.00","1,826.00",1
"Jun 14, 2022","1,772.30","1,772.30","1,772.30","1,772.30","1,772.30",-
"Jun 13, 2022","1,865.00","1,877.50","1,769.20","1,769.20","1,769.20",8
"Jun 10, 2022","1,906.50","1,906.50","1,867.50","1,897.70","1,897.70",5
"Jun 09, 2022","1,924.00","1,924.00","1,906.20","1,906.20","1,906.20",2
"Jun 08, 2022","1,915.00","1,929.50","1,915.00","1,928.60","1,928.60",3
"Jun 07, 2022","1,955.70","1,955.70","1,955.70","1,955.70","1,955.70",-
"Jun 06, 2022","1,991.00","1,991.00","1,981.00","1,985.70","1,985.70",4
"Jun 03, 2022","2,045.00","2,045.00","1,975.40","1,975.40","1,975.40",6
"Jun 02, 2022","2,006.00","2,038.00","1,987.50","2,036.50","2,036.50",6
"Jun 01, 2022","1,998.50","1,998.50","1,983.00","1,991.80","1,991.80",11
"May 31, 2022","2,055.00","2,062.50","1,994.80","1,994.80","1,994.80",107
"May 27, 2022","2,007.50","2,053.50","1,995.00","2,044.70","2,044.70",498
"May 26, 2022","1,992.80","1,992.80","1,992.80","1,992.80","1,992.80","1,364"
"May 25, 2022","1,988.60","1,988.60","1,988.60","1,988.60","1,988.60",1
"May 24, 2022","1,985.90","1,985.90","1,985.90","1,985.90","1,985.90",1
"May 23, 2022","1,965.90","1,965.90","1,965.90","1,965.90","1,965.90",1
"May 20, 2022","1,939.20","1,939.20","1,939.20","1,939.20","1,939.20",1
"May 19, 2022","1,977.80","1,977.80","1,977.80","1,977.80","1,977.80",1
"May 18, 2022","1,991.60","1,991.60","1,991.60","1,991.60","1,991.60",1
"May 17, 2022","2,031.20","2,031.20","2,031.20","2,031.20","2,031.20",1
"May 16, 2022","2,003.00","2,003.00","2,003.00","2,003.00","2,003.00",1
"May 13, 2022","1,918.10","1,918.10","1,918.10","1,918.10","1,918.10",1
"May 12, 2022","1,861.00","1,861.00","1,861.00","1,861.00","1,861.00",1
"May 11, 2022","2,008.10","2,008.10","2,008.10","2,008.10","2,008.10",1
"May 10, 2022","2,042.00","2,042.00","2,042.00","2,042.00","2,042.00",1
"May 09, 2022","2,059.80","2,059.80","2,059.80","2,059.80","2,059.80",1
"May 06, 2022","2,021.20","2,021.20","2,021.20","2,021.20","2,021.20",1
"May 05, 2022","2,175.30","2,175.30","2,175.30","2,175.30","2,175.30",-
"May 04, 2022","2,233.30","2,233.30","2,233.30","2,233.30","2,233.30",-
"May 03, 2022","2,235.60","2,235.60","2,235.60","2,235.60","2,235.60",-
"May 02, 2022","2,213.30","2,213.30","2,213.30","2,213.30","2,213.30",-
"Apr 29, 2022","2,302.80","2,302.80","2,302.80","2,302.80","2,302.80",-
"Apr 28, 2022","2,208.60","2,208.60","2,208.60","2,208.60","2,208.60",-
"Apr 27, 2022","2,190.40","2,190.40","2,190.40","2,190.40","2,190.40",-
"Apr 26, 2022","2,172.90","2,172.90","2,172.90","2,172.90","2,172.90",1
"Apr 25, 2022","2,116.40","2,116.40","2,116.40","2,116.40","2,116.40",1
"Apr 22, 2022","2,373.00","2,373.00","2,373.00","2,373.00","2,373.00",1
"Apr 21, 2022","2,416.90","2,416.90","2,416.90","2,416.90","2,416.90",1
"Apr 20, 2022","2,453.50","2,458.80","2,453.50","2,458.80","2,458.80",1
"Apr 19, 2022","2,379.30","2,379.30","2,379.30","2,379.30","2,379.30",1
"Apr 18, 2022","2,444.00","2,444.00","2,444.00","2,444.00","2,444.00",1
"Apr 14, 2022","2,354.30","2,354.30","2,354.30","2,354.30","2,354.30",1
"Apr 13, 2022","2,338.80","2,338.80","2,338.80","2,338.80","2,338.80",1
"Apr 12, 2022","2,353.70","2,353.70","2,353.70","2,353.70","2,353.70",1
"Apr 11, 2022","2,500.00","2,500.00","2,416.40","2,416.40","2,416.40",1
"Apr 08, 2022","2,420.00","2,420.00","2,420.00","2,420.00","2,420.00",-
"Apr 07, 2022","2,223.00","2,223.00","2,223.00","2,223.00","2,223.00",-
"Apr 06, 2022","2,184.60","2,184.60","2,184.60","2,184.60","2,184.60",-
"Apr 05, 2022","2,235.20","2,235.20","2,235.20","2,235.20","2,235.20",-
"Apr 04, 2022","2,274.90","2,274.90","2,274.90","2,274.90","2,274.90",-
"Apr 01, 2022","2,267.40","2,267.40","2,267.40","2,267.40","2,267.40",-
"Mar 31, 2022","2,255.50","2,255.50","2,255.50","2,255.50","2,255.50",-
"Mar 30, 2022","2,243.00","2,243.00","2,243.00","2,243.00","2,243.00",-
"Mar 29, 2022","2,101.00","2,108.80","2,101.00","2,108.80","2,108.80",-
"Mar 28, 2022","2,238.50","2,238.50","2,238.50","2,238.50","2,238.50",-
"Mar 25, 2022","2,390.40","2,390.40","2,390.40","2,390.40","2,390.40",-
"Mar 24, 2022","2,526.70","2,526.70","2,526.70","2,526.70","2,526.70",-
"Mar 23, 2022","2,515.40","2,515.40","2,515.40","2,515.40","2,515.40",-
"Mar 22, 2022","2,493.00","2,493.00","2,472.60","2,472.60","2,472.60",2
"Mar 21, 2022","2,533.40","2,533.40","2,533.40","2,533.40","2,533.40",-
"Mar 18, 2022","2,536.00","2,536.00","2,489.10","2,489.10","2,489.10",11
"Mar 17, 2022","2,530.00","2,530.00","2,488.10","2,488.10","2,488.10",5
"Mar 16, 2022","2,363.40","2,363.40","2,363.40","2,363.40","2,363.40",-
"Mar 15, 2022","2,407.40","2,407.40","2,407.40","2,407.40","2,407.40",-
"Mar 14, 2022","2,628.00","2,628.00","2,412.20","2,412.20","2,412.20",1
"Mar 11, 2022","2,792.90","2,792.90","2,792.90","2,792.90","2,792.90",-
"Mar 10, 2022","2,921.50","2,921.50","2,917.00","2,917.00","2,917.00",-
"Mar 09, 2022","3,005.50","3,005.50","2,908.50","2,944.80","2,944.80",4
"Mar 08, 2022","3,002.00","3,028.00","2,958.00","2,966.50","2,966.50",40
"Mar 07, 2022","3,380.50","3,380.50","2,899.90","2,899.90","2,899.90",28
"Mar 04, 2022","2,904.00","2,979.90","2,904.00","2,979.90","2,979.90",18
"Mar 03, 2022","2,745.50","2,745.50","2,718.50","2,728.80","2,728.80",3
"Mar 02, 2022","2,662.60","2,662.60","2,662.60","2,662.60","2,662.60",18
"Mar 01, 2022","2,491.50","2,706.50","2,491.50","2,532.50","2,532.50",149
"Feb 28, 2022","2,536.50","2,536.50","2,455.50","2,500.50","2,500.50",128
"Feb 25, 2022","2,388.50","2,479.00","2,322.50","2,360.70","2,360.70",742
"Feb 24, 2022","2,498.60","2,498.60","2,498.60","2,498.60","2,498.60","5,014"
"Feb 23, 2022","2,438.10","2,438.10","2,438.10","2,438.10","2,438.10",1
"Feb 22, 2022","2,369.30","2,369.30","2,369.30","2,369.30","2,369.30",1
"Feb 18, 2022","2,335.40","2,335.40","2,335.40","2,335.40","2,335.40",1
"Feb 17, 2022","2,356.60","2,356.60","2,356.60","2,356.60","2,356.60",1
"Feb 16, 2022","2,268.30","2,268.30","2,268.30","2,268.30","2,268.30",1
"Feb 15, 2022","2,248.00","2,248.00","2,248.00","2,248.00","2,248.00",2
"Feb 14, 2022","2,342.50","2,342.50","2,342.50","2,342.50","2,342.50",2
"Feb 11, 2022","2,190.10","2,190.10","2,190.10","2,190.10","2,190.10",2
"Feb 10, 2022","2,261.80","2,261.80","2,261.80","2,261.80","2,261.80",2
"Feb 09, 2022","2,281.60","2,281.60","2,281.60","2,281.60","2,281.60",2
"Feb 08, 2022","2,260.90","2,260.90","2,260.90","2,260.90","2,260.90",2
"Feb 07, 2022","2,256.80","2,256.80","2,256.80","2,256.80","2,256.80",2
"Feb 04, 2022","2,287.40","2,287.40","2,287.40","2,287.40","2,287.40",2
"Feb 03, 2022","2,314.40","2,314.40","2,314.40","2,314.40","2,314.40",2
"Feb 02, 2022","2,366.20","2,366.20","2,366.20","2,366.20","2,366.20",2
"Feb 01, 2022","2,343.20","2,343.20","2,343.20","2,343.20","2,343.20",2
"Jan 31, 2022","2,349.20","2,349.20","2,349.20","2,349.20","2,349.20",2
"Jan 28, 2022","2,368.70","2,368.70","2,368.70","2,368.70","2,368.70",2
"Jan 27, 2022","2,362.50","2,362.50","2,362.50","2,362.50","2,362.50",2
"Jan 26, 2022","2,346.60","2,346.60","2,346.60","2,346.60","2,346.60",-
"Jan 25, 2022","2,184.90","2,184.90","2,184.90","2,184.90","2,184.90",-
"Jan 24, 2022","2,137.00","2,137.00","2,137.00","2,137.00","2,137.00",-
"Jan 21, 2022","2,100.30","2,100.30","2,100.30","2,100.30","2,100.30",20
"Jan 20, 2022","2,069.70","2,069.70","2,069.70","2,069.70","2,069.70",2
"Jan 19, 2022","2,004.40","2,004.40","2,004.40","2,004.40","2,004.40",2
"Jan 18, 2022","1,900.60","1,900.60","1,900.60","1,900.60","1,900.60",2
"Jan 14, 2022","1,874.20","1,874.20","1,874.20","1,874.20","1,874.20",2
"Jan 13, 2022","1,886.00","1,886.00","1,886.00","1,886.00","1,886.00",2
"Jan 12, 2022","1,911.80","1,911.80","1,911.80","1,911.80","1,911.80",2
"Jan 11, 2022","1,918.10","1,918.10","1,918.10","1,918.10","1,918.10",2
"Jan 10, 2022","1,905.20","1,905.20","1,905.20","1,905.20","1,905.20",2
"Jan 07, 2022","1,917.60","1,917.60","1,917.60","1,917.60","1,917.60",2
"Jan 06, 2022","1,869.90","1,869.90","1,869.90","1,869.90","1,869.90",2
"Jan 05, 2022","1,898.60","1,898.60","1,898.60","1,898.60","1,898.60",2
"Jan 04, 2022","1,855.70","1,855.70","1,855.70","1,855.70","1,855.70",2
"Jan 03, 2022","1,822.00","1,822.00","1,822.00","1,822.00","1,822.00",2
"Dec 31, 2021","1,908.10","1,908.10","1,908.10","1,908.10","1,908.10",2
"Dec 30, 2021","1,959.50","1,979.20","1,959.50","1,979.20","1,979.20",2
"Dec 29, 2021","1,984.80","1,984.80","1,984.80","1,984.80","1,984.80",1
"Dec 28, 2021","1,998.40","1,998.40","1,998.40","1,998.40","1,998.40",-
"Dec 27, 2021","1,944.30","1,944.30","1,944.30","1,944.30","1,944.30",-
"Dec 23, 2021","1,954.70","1,954.70","1,954.70","1,954.70","1,954.70",-
"Dec 22, 2021","1,887.10","1,887.10","1,887.10","1,887.10","1,887.10",-
"Dec 21, 2021","1,790.90","1,790.90","1,790.90","1,790.90","1,790.90",-
"Dec 20, 2021","1,743.70","1,743.70","1,743.70","1,743.70","1,743.70",-
"Dec 17, 2021","1,782.60","1,782.60","1,782.60","1,782.60","1,782.60",-
"Dec 16, 2021","1,720.60","1,720.60","1,720.60","1,720.60","1,720.60",-
"Dec 15, 2021","1,549.40","1,549.40","1,549.40","1,549.40","1,549.40",-
"Dec 14, 2021","1,620.50","1,620.50","1,620.50","1,620.50","1,620.50",-
"Dec 13, 2021","1,672.40","1,672.40","1,672.40","1,672.40","1,672.40",-
"Dec 10, 2021","1,770.50","1,772.50","1,748.10","1,748.10","1,748.10",14
"Dec 09, 2021","1,811.80","1,811.80","1,811.80","1,811.80","1,811.80",-
"Dec 08, 2021","1,851.00","1,851.00","1,851.00","1,851.00","1,851.00",-
"Dec 07, 2021","1,845.50","1,845.50","1,845.50","1,845.50","1,845.50",2
"Dec 06, 2021","1,844.20","1,844.20","1,844.20","1,844.20","1,844.20",-
"Dec 03, 2021","1,811.10","1,811.10","1,811.10","1,811.10","1,811.10",-
"Dec 02, 2021","1,740.00","1,772.00","1,740.00","1,769.90","1,769.90",3
"Dec 01, 2021","1,738.00","1,751.10","1,738.00","1,751.10","1,751.10",11
"Nov 30, 2021","1,749.50","1,783.00","1,703.10","1,703.10","1,703.10",98
"Nov 29, 2021","1,727.00","1,797.00","1,727.00","1,784.20","1,784.20",560
"Nov 26, 2021","1,786.00","1,786.00","1,786.00","1,786.00","1,786.00","3,246"
"Nov 24, 2021","1,844.80","1,844.80","1,844.80","1,844.80","1,844.80",-
"Nov 23, 2021","1,847.20","1,847.20","1,847.20","1,847.20","1,847.20",-
"Nov 22, 2021","1,947.50","1,947.50","1,947.50","1,947.50","1,947.50",-
"Nov 19, 2021","2,070.10","2,070.10","2,070.10","2,070.10","2,070.10",-
"Nov 18, 2021","2,134.30","2,134.30","2,134.30","2,134.30","2,134.30",-
"Nov 17, 2021","2,181.40","2,181.40","2,181.40","2,181.40","2,181.40",-
"Nov 16, 2021","2,164.50","2,164.50","2,164.50","2,164.50","2,164.50",-
"Nov 15, 2021","2,153.00","2,153.00","2,153.00","2,153.00","2,153.00",-
"Nov 12, 2021","2,114.60","2,114.60","2,114.60","2,114.60","2,114.60",-
"Nov 11, 2021","2,059.50","2,059.50","2,059.50","2,059.50","2,059.50",-
"Nov 10, 2021","2,035.80","2,035.80","2,035.80","2,035.80","2,035.80",-
"Nov 09, 2021","2,019.00","2,019.00","2,019.00","2,019.00","2,019.00",-
"Nov 08, 2021","2,074.60","2,074.60","2,074.60","2,074.60","2,074.60",-
"Nov 05, 2021","2,024.50","2,024.50","2,024.50","2,024.50","2,024.50",-
"Nov 04, 2021","1,993.30","1,993.30","1,993.30","1,993.30","1,993.30",-
"Nov 03, 2021","1,984.10","1,984.10","1,984.10","1,984.10","1,984.10",-
"Nov 02, 2021","2,013.20","2,013.20","2,013.20","2,013.20","2,013.20",-
"Nov 01, 2021","2,058.10","2,058.10","2,058.10","2,058.10","2,058.10",-
"Oct 29, 2021","1,986.10","1,986.10","1,986.10","1,986.10","1,986.10",-
"Oct 28, 2021","1,995.20","1,995.20","1,995.20","1,995.20","1,995.20",-
"Oct 27, 2021","1,977.10","1,977.10","1,977.10","1,977.10","1,977.10",-
"Oct 26, 2021","2,007.60","2,007.60","2,007.60","2,007.60","2,007.60",-
"Oct 25, 2021","2,051.00","2,051.00","2,051.00","2,051.00","2,051.00",-
"Oct 22, 2021","2,038.40","2,038.40","2,038.40","2,038.40","2,038.40",-
"Oct 21, 2021","2,020.90","2,020.90","2,020.90","2,020.90","2,020.90",-
"Oct 20, 2021","2,085.20","2,085.20","2,085.20","2,085.20","2,085.20",-
"Oct 19, 2021","2,103.70","2,103.70","2,103.70","2,103.70","2,103.70",-
"Oct 18, 2021","2,015.90","2,015.90","2,015.90","2,015.90","2,015.90",-
"Oct 15, 2021","2,079.40","2,079.40","2,079.40","2,079.40","2,079.40",-
"Oct 14, 2021","2,153.70","2,153.70","2,153.70","2,153.70","2,153.70",-
"Oct 13, 2021","2,108.90","2,108.90","2,108.90","2,108.90","2,108.90",-
"Oct 12, 2021","2,050.60","2,050.60","2,050.60","2,050.60","2,050.60",-
"Oct 11, 2021","2,122.30","2,122.30","2,122.30","2,122.30","2,122.30",-
"Oct 08, 2021","2,075.80","2,075.80","2,075.80","2,075.80","2,075.80",-
"Oct 07, 2021","1,957.80","1,957.80","1,957.80","1,957.80","1,957.80",-
"Oct 06, 2021","1,870.60","1,870.60","1,870.60","1,870.60","1,870.60",-
"Oct 05, 2021","1,902.20","1,902.20","1,902.20","1,902.20","1,902.20",-
"Oct 04, 2021","1,877.80","1,877.80","1,877.80","1,877.80","1,877.80",-
"Oct 01, 2021","1,906.50","1,906.50","1,906.50","1,906.50","1,906.50",-
"Sep 30, 2021","1,902.60","1,902.60","1,902.60","1,902.60","1,902.60",-
"Sep 29, 2021","1,853.50","1,853.50","1,833.10","1,833.10","1,833.10",1
"Sep 28, 2021","1,923.00","1,923.00","1,854.20","1,854.20","1,854.20",2
"Sep 27, 2021","1,947.70","1,947.70","1,947.70","1,947.70","1,947.70",-
"Sep 24, 2021","1,939.00","1,951.10","1,939.00","1,951.10","1,951.10",1
"Sep 23, 2021","1,971.80","1,971.80","1,971.80","1,971.80","1,971.80",-
"Sep 22, 2021","2,036.20","2,036.20","2,036.20","2,036.20","2,036.20",-
"Sep 21, 2021","1,885.00","1,894.50","1,885.00","1,894.50","1,894.50",1
"Sep 20, 2021","1,880.00","1,880.00","1,860.50","1,865.20","1,865.20",39
"Sep 17, 2021","1,981.20","1,981.20","1,981.20","1,981.20","1,981.20",-
"Sep 16, 2021","2,018.90","2,018.90","2,018.90","2,018.90","2,018.90",-
"Sep 15, 2021","1,990.20","1,990.20","1,990.20","1,990.20","1,990.20",-
"Sep 14, 2021","1,979.00","1,979.00","1,972.60","1,972.60","1,972.60",2
"Sep 13, 2021","2,100.00","2,100.00","2,063.00","2,076.60","2,076.60",4
"Sep 10, 2021","2,204.00","2,204.00","2,123.00","2,123.00","2,123.00",1
"Sep 09, 2021","2,139.80","2,139.80","2,139.80","2,139.80","2,139.80",12
"Sep 08, 2021","2,222.00","2,235.50","2,222.00","2,235.50","2,235.50",12
"Sep 07, 2021","2,422.00","2,422.00","2,341.00","2,351.20","2,351.20",27
"Sep 03, 2021","2,399.00","2,414.40","2,397.00","2,414.40","2,414.40",4
"Sep 02, 2021","2,405.50","2,405.50","2,397.40","2,397.40","2,397.40",3
"Sep 01, 2021","2,466.00","2,485.50","2,426.50","2,438.40","2,438.40",21
"Aug 31, 2021","2,470.00","2,489.50","2,462.00","2,468.30","2,468.30",103
"Aug 30, 2021","2,414.00","2,495.50","2,404.00","2,476.10","2,476.10",374
"Aug 27, 2021","2,402.20","2,402.20","2,402.20","2,402.20","2,402.20","1,389"
"Aug 26, 2021","2,386.50","2,386.50","2,386.50","2,386.50","2,386.50",1
"Aug 25, 2021","2,428.90","2,428.90","2,428.90","2,428.90","2,428.90",1
"Aug 24, 2021","2,440.70","2,440.70","2,440.70","2,440.70","2,440.70",1
"Aug 23, 2021","2,383.30","2,383.30","2,383.30","2,383.30","2,383.30",1
"Aug 20, 2021","2,288.00","2,288.00","2,274.70","2,274.70","2,274.70",1
"Aug 19, 2021","2,296.10","2,296.10","2,296.10","2,296.10","2,296.10",-
"Aug 18, 2021","2,421.50","2,421.50","2,421.50","2,421.50","2,421.50",-
"Aug 17, 2021","2,493.80","2,493.80","2,493.80","2,493.80","2,493.80",-
"Aug 16, 2021","2,597.60","2,597.60","2,597.60","2,597.60","2,597.60",-
"Aug 13, 2021","2,656.10","2,656.10","2,656.10","2,656.10","2,656.10",-
"Aug 12, 2021","2,623.50","2,623.50","2,623.50","2,623.50","2,623.50",-
"Aug 11, 2021","2,632.40","2,632.40","2,632.40","2,632.40","2,632.40",-
"Aug 10, 2021","2,649.60","2,649.60","2,649.60","2,649.60","2,649.60",-
"Aug 09, 2021","2,601.70","2,601.70","2,601.70","2,601.70","2,601.70",-
"Aug 06, 2021","2,629.70","2,629.70","2,629.70","2,629.70","2,629.70",-
"Aug 05, 2021","2,654.70","2,654.70","2,654.70","2,654.70","2,654.70",-
"Aug 04, 2021","2,651.30","2,651.30","2,651.30","2,651.30","2,651.30",-
"Aug 03, 2021","2,644.90","2,644.90","2,644.90","2,644.90","2,644.90",-
"Aug 02, 2021","2,683.70","2,683.70","2,683.70","2,683.70","2,683.70",-
"Jul 30, 2021","2,655.80","2,655.80","2,655.80","2,655.80","2,655.80",-
"Jul 29, 2021","2,642.70","2,642.70","2,642.70","2,642.70","2,642.70",-
"Jul 28, 2021","2,620.80","2,620.80","2,620.80","2,620.80","2,620.80",-
"Jul 27, 2021","2,604.90","2,604.90","2,604.90","2,604.90","2,604.90",-
"Jul 26, 2021","2,676.30","2,676.30","2,676.30","2,676.30","2,676.30",-
"Jul 23, 2021","2,660.60","2,660.60","2,660.60","2,660.60","2,660.60",-
"Jul 22, 2021","2,702.80","2,702.80","2,702.80","2,702.80","2,702.80",-
"Jul 21, 2021","2,653.10","2,653.10","2,653.10","2,653.10","2,653.10",-
"Jul 20, 2021","2,638.60","2,638.60","2,638.60","2,638.60","2,638.60",-
"Jul 19, 2021","2,590.90","2,590.90","2,590.90","2,590.90","2,590.90",-
"Jul 16, 2021","2,635.50","2,635.50","2,635.50","2,635.50","2,635.50",-
"Jul 15, 2021","2,727.50","2,727.50","2,727.50","2,727.50","2,727.50",-
"Jul 14, 2021","2,824.50","2,824.50","2,824.50","2,824.50","2,824.50",-
"Jul 13, 2021","2,830.70","2,830.70","2,830.70","2,830.70","2,830.70",-
"Jul 12, 2021","2,857.50","2,857.50","2,857.50","2,857.50","2,857.50",-
"Jul 09, 2021","2,810.20","2,810.20","2,810.20","2,810.20","2,810.20",-
"Jul 08, 2021","2,808.40","2,808.40","2,808.40","2,808.40","2,808.40",-
"Jul 07, 2021","2,846.50","2,846.50","2,846.50","2,846.50","2,846.50",-
"Jul 06, 2021","2,794.30","2,794.30","2,794.30","2,794.30","2,794.30",-
"Jul 02, 2021","2,790.70","2,790.70","2,790.70","2,790.70","2,790.70",-
"Jul 01, 2021","2,767.10","2,767.10","2,767.10","2,767.10","2,767.10",-
"Jun 30, 2021","2,777.40","2,777.40","2,777.40","2,777.40","2,777.40",-
"Jun 29, 2021","2,679.40","2,679.40","2,679.40","2,679.40","2,679.40",-
"Jun 28, 2021","2,695.90","2,695.90","2,695.90","2,695.90","2,695.90",-
"Jun 25, 2021","2,633.30","2,633.30","2,633.30","2,633.30","2,633.30",-
"Jun 24, 2021","2,612.00","2,639.80","2,597.50","2,639.80","2,639.80",11
"Jun 23, 2021","2,587.50","2,626.30","2,587.50","2,626.30","2,626.30",1
"Jun 22, 2021","2,554.70","2,555.50","2,550.00","2,554.70","2,554.70",2
"Jun 21, 2021","2,540.00","2,553.20","2,540.00","2,553.20","2,553.20",3
"Jun 18, 2021","2,516.00","2,520.00","2,461.00","2,465.70","2,465.70",14
"Jun 17, 2021","2,766.50","2,769.00","2,509.60","2,509.60","2,509.60",13
"Jun 16, 2021","2,805.50","2,834.00","2,805.50","2,834.00","2,834.00",1
"Jun 15, 2021","2,761.80","2,761.80","2,761.80","2,761.80","2,761.80",-
"Jun 14, 2021","2,753.60","2,753.60","2,753.60","2,753.60","2,753.60",-
"Jun 11, 2021","2,777.70","2,777.70","2,777.70","2,777.70","2,777.70",-
"Jun 10, 2021","2,768.00","2,774.70","2,768.00","2,774.70","2,774.70",2
"Jun 09, 2021","2,800.00","2,800.00","2,769.00","2,770.00","2,770.00",3
"Jun 08, 2021","2,802.60","2,802.60","2,802.60","2,802.60","2,802.60",-
"Jun 07, 2021","2,833.40","2,833.40","2,833.40","2,833.40","2,833.40",-
"Jun 04, 2021","2,827.00","2,837.90","2,827.00","2,837.90","2,837.90",2
"Jun 03, 2021","2,817.00","2,822.70","2,804.00","2,822.70","2,822.70",4
"Jun 02, 2021","2,862.00","2,862.00","2,862.00","2,862.00","2,862.00",2
"Jun 01, 2021","2,830.00","2,856.70","2,830.00","2,856.70","2,856.70",3
"May 28, 2021",-,-,-,-,-,-
"May 27, 2021",-,-,-,-,-,-
"May 26, 2021","2,748.50","2,748.50","2,748.50","2,748.50","2,748.50",38
"May 25, 2021","2,777.50","2,777.50","2,777.50","2,777.50","2,777.50",-
"May 24, 2021","2,730.10","2,730.10","2,730.10","2,730.10","2,730.10",-
"May 21, 2021","2,775.30","2,775.30","2,775.30","2,775.30","2,775.30",-
"May 20, 2021","2,870.50","2,870.50","2,870.50","2,870.50","2,870.50",-
"May 19, 2021","2,885.10","2,885.10","2,885.10","2,885.10","2,885.10",-
"May 18, 2021","2,903.40","2,903.40","2,903.40","2,903.40","2,903.40",-
"May 17, 2021","2,892.90","2,892.90","2,892.90","2,892.90","2,892.90",-
"May 14, 2021","2,891.60","2,891.60","2,891.60","2,891.60","2,891.60",-
"May 13, 2021","2,861.60","2,861.60","2,861.60","2,861.60","2,861.60",-
"May 12, 2021","2,846.00","2,846.00","2,846.00","2,846.00","2,846.00",-
"May 11, 2021","2,923.20","2,923.20","2,923.20","2,923.20","2,923.20",-
"May 10, 2021","2,972.10","2,972.10","2,972.10","2,972.10","2,972.10",-
"May 07, 2021","2,929.10","2,929.10","2,929.10","2,929.10","2,929.10",-
"May 06, 2021","2,951.40","2,951.40","2,951.40","2,951.40","2,951.40",-
"May 05, 2021","2,976.80","2,976.80","2,976.80","2,976.80","2,976.80",-
"May 04, 2021","2,981.60","2,981.60","2,981.60","2,981.60","2,981.60",-
"May 03, 2021","2,985.40","2,985.40","2,985.40","2,985.40","2,985.40",-
"Apr 30, 2021",-,-,-,-,-,-
"Apr 29, 2021",-,-,-,-,-,-
"Apr 28, 2021","2,924.90","2,924.90","2,924.90","2,924.90","2,924.90",-
"Apr 27, 2021","2,947.30","2,947.30","2,947.30","2,947.30","2,947.30",-
"Apr 26, 2021","2,904.00","2,904.00","2,904.00","2,904.00","2,904.00",-
"Apr 23, 2021","2,851.70","2,851.70","2,851.70","2,851.70","2,851.70",-
"Apr 22, 2021","2,837.60","2,837.60","2,837.60","2,837.60","2,837.60",-
"Apr 21, 2021","2,870.30","2,870.30","2,870.30","2,870.30","2,870.30",-
"Apr 20, 2021","2,752.10","2,752.10","2,752.10","2,752.10","2,752.10",-
"Apr 19, 2021","2,808.30","2,808.30","2,808.30","2,808.30","2,808.30",-
"Apr 16, 2021","2,769.40","2,769.40","2,769.40","2,769.40","2,769.40",-
"Apr 15, 2021","2,734.10","2,734.10","2,734.10","2,734.10","2,734.10",-
"Apr 14, 2021","2,674.10","2,674.10","2,674.10","2,674.10","2,674.10",-
"Apr 13, 2021","2,691.60","2,691.60","2,691.60","2,691.60","2,691.60",-
"Apr 12, 2021","2,666.60","2,666.60","2,666.60","2,666.60","2,666.60",-
"Apr 09, 2021","2,630.70","2,630.70","2,630.70","2,630.70","2,630.70",-
"Apr 08, 2021","2,623.00","2,623.00","2,623.00","2,623.00","2,623.00",-
"Apr 07, 2021","2,618.70","2,618.70","2,618.70","2,618.70","2,618.70",-
"Apr 06, 2021","2,687.80","2,687.80","2,687.80","2,687.80","2,687.80",-
"Apr 05, 2021","2,652.30","2,652.30","2,652.30","2,652.30","2,652.30",-
"Apr 01, 2021","2,653.40","2,653.40","2,653.40","2,653.40","2,653.40",-
"Mar 31, 2021",-,-,-,-,-,-
"Mar 30, 2021",-,-,-,-,-,-
"Mar 29, 2021","2,525.00","2,525.00","2,525.00","2,525.00","2,525.00",-
"Mar 26, 2021","2,660.00","2,670.40","2,660.00","2,670.40","2,670.40",3
"Mar 25, 2021","2,635.00","2,635.00","2,610.70","2,610.70","2,610.70",1
"Mar 24, 2021","2,632.00","2,635.30","2,632.00","2,635.30","2,635.30",1
"Mar 23, 2021","2,626.50","2,626.50","2,612.60","2,612.60","2,612.60",2
"Mar 22, 2021","2,595.90","2,595.90","2,595.90","2,595.90","2,595.90",-
"Mar 19, 2021","2,626.60","2,626.60","2,626.60","2,626.60","2,626.60",2
"Mar 18, 2021","2,658.30","2,658.30","2,658.30","2,658.30","2,658.30",-
"Mar 17, 2021","2,533.80","2,533.80","2,533.80","2,533.80","2,533.80",-
"Mar 16, 2021","2,487.80","2,487.80","2,465.00","2,487.80","2,487.80",1
"Mar 15, 2021","2,369.60","2,369.60","2,369.60","2,369.60","2,369.60",-
"Mar 12, 2021","2,356.60","2,356.60","2,356.60","2,356.60","2,356.60",-
"Mar 11, 2021","2,337.50","2,337.50","2,337.50","2,337.50","2,337.50",-
"Mar 10, 2021","2,289.00","2,289.00","2,289.00","2,289.00","2,289.00",-
"Mar 09, 2021","2,288.80","2,288.80","2,288.80","2,288.80","2,288.80",-
"Mar 08, 2021","2,310.50","2,310.50","2,310.50","2,310.50","2,310.50",-
"Mar 05, 2021","2,325.70","2,325.70","2,325.70","2,325.70","2,325.70",-
"Mar 04, 2021","2,339.10","2,339.10","2,339.10","2,339.10","2,339.10",-
"Mar 03, 2021","2,350.90","2,350.90","2,350.90","2,350.90","2,350.90",6
"Mar 02, 2021","2,365.20","2,365.20","2,365.20","2,365.20","2,365.20",-
"Mar 01, 2021","2,310.00","2,347.50","2,309.50","2,344.60","2,344.60",14
"Feb 26, 2021",-,-,-,-,-,-
"Feb 25, 2021",-,-,-,-,-,-
"Feb 24, 2021","2,420.80","2,420.80","2,420.80","2,420.80","2,420.80",63
"Feb 23, 2021","2,333.80","2,333.80","2,333.80","2,333.80","2,333.80",30
"Feb 22, 2021","2,390.80","2,390.80","2,390.80","2,390.80","2,390.80",-
"Feb 19, 2021","2,367.90","2,367.90","2,367.90","2,367.90","2,367.90",-
"Feb 18, 2021","2,347.50","2,347.50","2,347.50","2,347.50","2,347.50",-
"Feb 17, 2021","2,368.40","2,368.40","2,368.40","2,368.40","2,368.40",-
"Feb 16, 2021","2,386.90","2,386.90","2,386.90","2,386.90","2,386.90",-
"Feb 12, 2021","2,381.30","2,381.30","2,381.30","2,381.30","2,381.30",-
"Feb 11, 2021","2,345.70","2,345.70","2,345.70","2,345.70","2,345.70",-
"Feb 10, 2021","2,351.20","2,351.20","2,351.20","2,351.20","2,351.20",-
"Feb 09, 2021","2,319.30","2,319.30","2,319.30","2,319.30","2,319.30",-
"Feb 08, 2021","2,335.40","2,335.40","2,335.40","2,335.40","2,335.40",-
"Feb 05, 2021","2,325.00","2,325.00","2,325.00","2,325.00","2,325.00",-
"Feb 04, 2021","2,279.40","2,279.40","2,279.40","2,279.40","2,279.40",-
"Feb 03, 2021","2,275.30","2,275.30","2,275.30","2,275.30","2,275.30",-
"Feb 02, 2021","2,226.40","2,226.40","2,226.40","2,226.40","2,226.40",-
"Feb 01, 2021","2,240.40","2,240.40","2,240.40","2,240.40","2,240.40",-
"Jan 29, 2021",-,-,-,-,-,-
"Jan 28, 2021",-,-,-,-,-,-
"Jan 27, 2021","2,305.20","2,305.20","2,305.20","2,305.20","2,305.20",-
"Jan 26, 2021","2,319.70","2,319.70","2,319.70","2,319.70","2,319.70",-
"Jan 25, 2021","2,341.60","2,341.60","2,341.60","2,341.60","2,341.60",-
"Jan 22, 2021","2,359.90","2,359.90","2,359.90","2,359.90","2,359.90",-
"Jan 21, 2021","2,369.80","2,369.80","2,369.80","2,369.80","2,369.80",-
"Jan 20, 2021","2,397.90","2,397.90","2,397.90","2,397.90","2,397.90",-
"Jan 19, 2021","2,359.70","2,359.70","2,359.70","2,359.70","2,359.70",-
"Jan 15, 2021","2,389.80","2,389.80","2,389.80","2,389.80","2,389.80",23
"Jan 14, 2021","2,418.00","2,418.00","2,418.00","2,418.00","2,418.00",1
"Jan 13, 2021","2,391.80","2,391.80","2,391.80","2,391.80","2,391.80",1
"Jan 12, 2021","2,370.90","2,370.90","2,370.90","2,370.90","2,370.90",1
"Jan 11, 2021","2,373.50","2,373.50","2,373.50","2,373.50","2,373.50",1
"Jan 08, 2021","2,359.70","2,359.70","2,359.70","2,359.70","2,359.70",1
"Jan 07, 2021","2,426.30","2,426.30","2,426.30","2,426.30","2,426.30",1
"Jan 06, 2021","2,442.80","2,442.80","2,442.80","2,442.80","2,442.80",1
"Jan 05, 2021","2,488.10","2,488.10","2,488.10","2,488.10","2,488.10",1
"Jan 04, 2021","2,385.90","2,385.90","2,385.90","2,385.90","2,385.90",1
"Dec 31, 2020","2,448.50","2,448.50","2,448.50","2,448.50","2,448.50",1
"Dec 30, 2020","2,373.10","2,373.10","2,373.10","2,373.10","2,373.10",1
"Dec 29, 2020","2,331.50","2,331.50","2,331.50","2,331.50","2,331.50",1
"Dec 28, 2020","2,339.00","2,339.00","2,339.00","2,339.00","2,339.00",2
"Dec 24, 2020","2,333.10","2,333.10","2,333.10","2,333.10","2,333.10",2
"Dec 23, 2020","2,326.30","2,326.30","2,326.30","2,326.30","2,326.30",1
"Dec 22, 2020","2,311.10","2,311.10","2,311.10","2,311.10","2,311.10",1
"Dec 21, 2020","2,375.00","2,390.00","2,294.50","2,304.40","2,304.40",9
"Dec 18, 2020","2,340.00","2,360.90","2,340.00","2,360.90","2,360.90",9
"Dec 17, 2020","2,335.00","2,345.00","2,335.00","2,338.00","2,338.00",5
"Dec 16, 2020","2,338.70","2,338.70","2,327.50","2,338.70","2,338.70",4
"Dec 15, 2020","2,314.20","2,314.20","2,314.20","2,314.20","2,314.20",-
"Dec 14, 2020","2,307.90","2,307.90","2,307.90","2,307.90","2,307.90",-
"Dec 11, 2020","2,331.00","2,341.00","2,316.50","2,322.10","2,322.10",6
"Dec 10, 2020","2,332.00","2,333.50","2,325.00","2,325.00","2,325.00",5
"Dec 09, 2020","2,298.50","2,298.50","2,280.30","2,280.30","2,280.30",1
"Dec 08, 2020","2,335.00","2,335.00","2,316.70","2,316.70","2,316.70",2
"Dec 07, 2020","2,339.90","2,339.90","2,339.90","2,339.90","2,339.90",-
"Dec 04, 2020","2,319.60","2,355.00","2,319.60","2,345.80","2,345.80",7
"Dec 03, 2020","2,360.00","2,360.00","2,225.10","2,302.10","2,302.10",71
"Dec 02, 2020","2,393.00","2,397.40","2,393.00","2,397.40","2,397.40",39
"Dec 01, 2020","2,416.20","2,417.30","2,414.10","2,417.30","2,417.30",2
"Nov 30, 2020","2,417.30","2,420.50","2,378.00","2,392.80","2,392.80",63
"Nov 27, 2020","2,349.20","2,428.50","2,342.40","2,424.40","2,424.40",536
"Nov 25, 2020","2,341.60","2,341.60","2,341.60","2,341.60","2,341.60","1,334"
"Nov 24, 2020","2,350.10","2,350.10","2,350.10","2,350.10","2,350.10",6
"Nov 23, 2020","2,351.80","2,351.80","2,351.80","2,351.80","2,351.80",6
"Nov 20, 2020","2,321.20","2,321.20","2,321.20","2,321.20","2,321.20",25
"Nov 19, 2020","2,317.40","2,317.40","2,317.40","2,317.40","2,317.40",25
"Nov 18, 2020","2,351.30","2,351.30","2,351.30","2,351.30","2,351.30",25
"Nov 17, 2020","2,323.60","2,323.60","2,323.60","2,323.60","2,323.60",25
"Nov 16, 2020","2,342.20","2,342.20","2,342.20","2,342.20","2,342.20",25
"Nov 13, 2020","2,326.30","2,326.30","2,326.30","2,326.30","2,326.30",25
"Nov 12, 2020","2,338.40","2,338.40","2,338.40","2,338.40","2,338.40",25
"Nov 11, 2020","2,312.90","2,312.90","2,312.90","2,312.90","2,312.90",25
"Nov 10, 2020","2,467.20","2,467.20","2,467.20","2,467.20","2,467.20",25
"Nov 09, 2020","2,494.60","2,494.60","2,494.60","2,494.60","2,494.60",15
"Nov 06, 2020","2,495.20","2,495.20","2,495.20","2,495.20","2,495.20",-
"Nov 05, 2020","2,378.30","2,378.30","2,378.30","2,378.30","2,378.30",-
"Nov 04, 2020","2,302.30","2,302.30","2,302.30","2,302.30","2,302.30",-
"Nov 03, 2020","2,292.40","2,292.40","2,292.40","2,292.40","2,292.40",-
"Nov 02, 2020","2,214.30","2,214.30","2,214.30","2,214.30","2,214.30",-
"Oct 30, 2020","2,210.30","2,210.30","2,210.30","2,210.30","2,210.30",-
"Oct 29, 2020","2,191.40","2,191.40","2,191.40","2,191.40","2,191.40",-
"Oct 28, 2020","2,244.30","2,244.30","2,244.30","2,244.30","2,244.30",-
"Oct 27, 2020","2,347.30","2,347.30","2,347.30","2,347.30","2,347.30",14
"Oct 26, 2020","2,361.90","2,361.90","2,361.90","2,361.90","2,361.90",14
"Oct 23, 2020","2,391.40","2,391.40","2,391.40","2,391.40","2,391.40",14
"Oct 22, 2020","2,388.60","2,388.60","2,388.60","2,388.60","2,388.60",14
"Oct 21, 2020","2,406.00","2,419.80","2,401.00","2,419.80","2,419.80",14
"Oct 20, 2020","2,408.50","2,408.50","2,408.50","2,408.50","2,408.50",5
"Oct 19, 2020","2,348.30","2,348.30","2,348.30","2,348.30","2,348.30",-
"Oct 16, 2020","2,333.10","2,333.10","2,333.10","2,333.10","2,333.10",-
"Oct 15, 2020","2,357.90","2,357.90","2,357.90","2,357.90","2,357.90",-
"Oct 14, 2020","2,357.10","2,357.10","2,357.10","2,357.10","2,357.10",-
"Oct 13, 2020","2,335.10","2,335.10","2,335.10","2,335.10","2,335.10",-
"Oct 12, 2020","2,416.40","2,416.40","2,416.40","2,416.40","2,416.40",-
"Oct 09, 2020","2,454.00","2,454.00","2,454.00","2,454.00","2,454.00",-
"Oct 08, 2020","2,393.80","2,393.80","2,393.80","2,393.80","2,393.80",-
"Oct 07, 2020","2,372.90","2,372.90","2,372.90","2,372.90","2,372.90",-
"Oct 06, 2020","2,382.00","2,382.00","2,382.00","2,382.00","2,382.00",-
"Oct 05, 2020","2,369.20","2,369.20","2,369.20","2,369.20","2,369.20",-
"Oct 02, 2020","2,315.80","2,315.80","2,315.80","2,315.80","2,315.80",-
"Oct 01, 2020","2,319.00","2,319.00","2,319.00","2,319.00","2,319.00",-
"Sep 30, 2020","2,321.30","2,321.30","2,321.30","2,321.30","2,321.30",-
"Sep 29, 2020","2,320.10","2,320.10","2,320.10","2,320.10","2,320.10",-
"Sep 28, 2020","2,258.50","2,258.50","2,258.50","2,258.50","2,258.50",-
"Sep 25, 2020","2,207.70","2,207.70","2,207.70","2,207.70","2,207.70",1
"Sep 24, 2020","2,210.60","2,213.00","2,210.60","2,213.00","2,213.00",1
"Sep 23, 2020","2,244.70","2,244.70","2,244.70","2,244.70","2,244.70",1
"Sep 22, 2020","2,216.00","2,216.00","2,216.00","2,216.00","2,216.00",-
"Sep 21, 2020","2,266.10","2,266.10","2,266.10","2,266.10","2,266.10",1
"Sep 18, 2020","2,364.00","2,364.00","2,364.00","2,364.00","2,364.00",-
"Sep 17, 2020","2,361.50","2,361.50","2,317.60","2,317.60","2,317.60",1
"Sep 16, 2020","2,399.90","2,399.90","2,390.00","2,399.90","2,399.90",1
"Sep 15, 2020","2,396.30","2,396.30","2,396.30","2,396.30","2,396.30",-
"Sep 14, 2020","2,306.70","2,306.70","2,306.70","2,306.70","2,306.70",1
"Sep 11, 2020","2,313.10","2,313.10","2,313.10","2,313.10","2,313.10",-
"Sep 10, 2020","2,307.40","2,307.40","2,307.40","2,307.40","2,307.40",-
"Sep 09, 2020","2,294.00","2,294.00","2,294.00","2,294.00","2,294.00",-
"Sep 08, 2020","2,300.00","2,304.50","2,281.10","2,281.20","2,281.20",11
"Sep 04, 2020","2,285.00","2,318.60","2,285.00","2,318.60","2,318.60",2
"Sep 03, 2020","2,297.00","2,297.00","2,297.00","2,297.00","2,297.00",-
"Sep 02, 2020","2,242.90","2,242.90","2,242.90","2,242.90","2,242.90",8
"Sep 01, 2020","2,277.20","2,277.20","2,277.20","2,277.20","2,277.20",-
"Aug 31, 2020","2,207.70","2,268.00","2,204.40","2,245.40","2,245.40",18
"Aug 28, 2020","2,164.00","2,201.00","2,149.10","2,197.80","2,197.80",268
"Aug 27, 2020","2,189.10","2,225.80","2,142.50","2,159.20","2,159.20","1,111"
"Aug 26, 2020","2,188.20","2,188.20","2,188.20","2,188.20","2,188.20","1,620"
"Aug 25, 2020","2,169.30","2,169.30","2,169.30","2,169.30","2,169.30",1
"Aug 24, 2020","2,162.60","2,162.60","2,162.60","2,162.60","2,162.60",1
"Aug 21, 2020","2,177.20","2,177.20","2,177.20","2,177.20","2,177.20",1
"Aug 20, 2020","2,183.80","2,183.80","2,183.80","2,183.80","2,183.80",1
"Aug 19, 2020","2,176.00","2,176.00","2,162.00","2,176.00","2,176.00",1
"Aug 18, 2020","2,225.20","2,225.20","2,225.20","2,225.20","2,225.20",1
"Aug 17, 2020","2,230.40","2,230.40","2,230.40","2,230.40","2,230.40",-
"Aug 14, 2020","2,140.40","2,140.40","2,140.40","2,140.40","2,140.40",-
"Aug 13, 2020","2,213.40","2,213.40","2,213.40","2,213.40","2,213.40",-
"Aug 12, 2020","2,164.80","2,164.80","2,164.80","2,164.80","2,164.80",-
"Aug 11, 2020","2,171.60","2,171.60","2,171.60","2,171.60","2,171.60",-
"Aug 10, 2020","2,265.20","2,265.20","2,265.20","2,265.20","2,265.20",-
"Aug 07, 2020","2,172.60","2,172.60","2,172.60","2,172.60","2,172.60",-
"Aug 06, 2020","2,251.80","2,251.80","2,251.80","2,251.80","2,251.80",-
"Aug 05, 2020","2,207.60","2,207.60","2,207.60","2,207.60","2,207.60",-
"Aug 04, 2020","2,161.00","2,161.00","2,161.00","2,161.00","2,161.00",-
"Aug 03, 2020","2,129.70","2,129.70","2,129.70","2,129.70","2,129.70",-
"Jul 31, 2020","2,135.30","2,135.30","2,135.30","2,135.30","2,135.30",-
"Jul 30, 2020","2,114.90","2,114.90","2,114.90","2,114.90","2,114.90",-
"Jul 29, 2020","2,239.70","2,239.70","2,239.70","2,239.70","2,239.70",-
"Jul 28, 2020","2,344.00","2,344.00","2,344.00","2,344.00","2,344.00",-
"Jul 27, 2020","2,348.20","2,348.20","2,348.20","2,348.20","2,348.20",-
"Jul 24, 2020","2,272.60","2,272.60","2,272.60","2,272.60","2,272.60",-
"Jul 23, 2020","2,218.30","2,218.30","2,218.30","2,218.30","2,218.30",-
"Jul 22, 2020","2,207.50","2,207.50","2,207.50","2,207.50","2,207.50",-
"Jul 21, 2020","2,166.70","2,166.70","2,166.70","2,166.70","2,166.70",-
"Jul 20, 2020","2,087.90","2,087.90","2,087.90","2,087.90","2,087.90",-
"Jul 17, 2020","2,050.20","2,050.20","2,050.20","2,050.20","2,050.20",-
"Jul 16, 2020","2,003.60","2,003.60","2,003.60","2,003.60","2,003.60",-
"Jul 15, 2020","1,988.50","1,988.50","1,988.50","1,988.50","1,988.50",-
"Jul 14, 2020","1,964.10","1,964.10","1,964.10","1,964.10","1,964.10",-
"Jul 13, 2020","2,036.70","2,082.10","2,019.40","2,019.40","2,019.40",14
"Jul 10, 2020","1,972.90","1,972.90","1,972.90","1,972.90","1,972.90",14
"Jul 09, 2020","1,941.70","1,941.70","1,941.70","1,941.70","1,941.70",-
"Jul 08, 2020","1,916.80","1,916.80","1,916.80","1,916.80","1,916.80",-
"Jul 07, 2020","1,930.10","1,930.10","1,930.10","1,930.10","1,930.10",-
"Jul 06, 2020","1,930.80","1,930.80","1,930.80","1,930.80","1,930.80",-
"Jul 02, 2020","1,906.10","1,906.10","1,906.10","1,906.10","1,906.10",-
"Jul 01, 2020","1,909.20","1,909.20","1,909.20","1,909.20","1,909.20",-
"Jun 30, 2020","1,945.40","1,945.40","1,945.40","1,945.40","1,945.40",-
"Jun 29, 2020","1,911.60","1,911.60","1,911.60","1,911.60","1,911.60",-
"Jun 26, 2020","1,874.20","1,874.20","1,874.20","1,874.20","1,874.20",-
"Jun 25, 2020","1,839.60","1,839.60","1,824.90","1,824.90","1,824.90",2
"Jun 24, 2020","1,868.30","1,868.30","1,868.30","1,868.30","1,868.30",2
"Jun 23, 2020","1,930.90","1,930.90","1,930.90","1,930.90","1,930.90",-
"Jun 22, 2020","1,921.90","1,921.90","1,921.90","1,921.90","1,921.90",1
"Jun 19, 2020","1,896.90","1,897.80","1,888.20","1,888.20","1,888.20",4
"Jun 18, 2020","1,888.40","1,888.40","1,888.40","1,888.40","1,888.40",-
"Jun 17, 2020","1,905.30","1,905.30","1,905.30","1,905.30","1,905.30",-
"Jun 16, 2020","1,922.50","1,922.50","1,922.50","1,922.50","1,922.50",-
"Jun 15, 2020","1,879.00","1,912.90","1,879.00","1,912.90","1,912.90",3
"Jun 12, 2020","1,918.30","1,918.30","1,918.30","1,918.30","1,918.30",-
"Jun 11, 2020","1,926.30","1,926.30","1,889.90","1,889.90","1,889.90",4
"Jun 10, 2020","1,945.90","1,994.90","1,911.90","1,911.90","1,911.90",22
"Jun 09, 2020","1,924.90","1,948.20","1,924.90","1,948.20","1,948.20",2
"Jun 08, 2020","1,944.10","2,019.20","1,944.10","2,019.20","2,019.20",3
"Jun 05, 2020","1,932.80","1,932.80","1,929.90","1,929.90","1,929.90",2
"Jun 04, 2020","1,943.80","1,943.80","1,830.00","1,902.50","1,902.50",5
"Jun 03, 2020","1,948.60","1,948.60","1,933.40","1,933.40","1,933.40",26
"Jun 02, 2020","1,954.00","1,954.00","1,954.00","1,954.00","1,954.00",9
"Jun 01, 2020","1,941.30","1,963.40","1,941.30","1,963.40","1,963.40",2
"May 29, 2020","1,893.10","1,934.50","1,893.10","1,934.50","1,934.50",6
"May 28, 2020","1,974.90","1,988.00","1,860.00","1,901.60","1,901.60",270
"May 27, 2020","1,971.30","1,971.30","1,971.30","1,971.30","1,971.30",900
"May 26, 2020","1,983.80","1,983.80","1,983.80","1,983.80","1,983.80",-
"May 22, 2020","1,971.80","1,971.80","1,971.80","1,971.80","1,971.80",-
"May 21, 2020","2,057.00","2,057.00","2,057.00","2,057.00","2,057.00",-
"May 20, 2020","2,154.10","2,154.10","2,154.10","2,154.10","2,154.10",-
"May 19, 2020","2,069.40","2,069.40","2,069.40","2,069.40","2,069.40",-
"May 18, 2020","2,021.80","2,021.80","2,021.80","2,021.80","2,021.80",24
"May 15, 2020","1,852.60","1,852.60","1,852.60","1,852.60","1,852.60",-
"May 14, 2020","1,792.90","1,792.90","1,792.90","1,792.90","1,792.90",-
"May 13, 2020","1,785.40","1,785.40","1,785.40","1,785.40","1,785.40",-
"May 12, 2020","1,830.10","1,830.10","1,830.10","1,830.10","1,830.10",-
"May 11, 2020","1,822.80","1,822.80","1,822.80","1,822.80","1,822.80",-
"May 08, 2020","1,815.80","1,815.80","1,815.80","1,815.80","1,815.80",-
"May 07, 2020","1,830.40","1,830.40","1,830.40","1,830.40","1,830.40",-
"May 06, 2020","1,753.60","1,753.60","1,753.60","1,753.60","1,753.60",-
"May 05, 2020","1,752.20","1,752.20","1,752.20","1,752.20","1,752.20",-
"May 04, 2020","1,831.00","1,831.00","1,831.00","1,831.00","1,831.00",-
"May 01, 2020","1,883.50","1,883.50","1,883.50","1,883.50","1,883.50",-
"Apr 30, 2020","1,952.10","1,952.10","1,952.10","1,952.10","1,952.10",-
"Apr 29, 2020","1,913.50","1,913.50","1,913.50","1,913.50","1,913.50",-
"Apr 28, 2020","1,887.00","1,887.00","1,887.00","1,887.00","1,887.00",-
"Apr 27, 2020","1,903.10","1,903.10","1,903.10","1,903.10","1,903.10",-
"Apr 24, 2020","2,013.80","2,013.80","2,013.80","2,013.80","2,013.80",-
"Apr 23, 2020","2,029.50","2,029.50","2,029.50","2,029.50","2,029.50",25
"Apr 22, 2020","1,920.70","1,920.70","1,920.70","1,920.70","1,920.70",-
"Apr 21, 2020","1,936.10","1,936.10","1,936.10","1,936.10","1,936.10",-
"Apr 20, 2020","2,156.00","2,156.00","2,156.00","2,156.00","2,156.00",-
"Apr 17, 2020","2,159.40","2,159.40","2,159.40","2,159.40","2,159.40",-
"Apr 16, 2020","2,149.20","2,149.20","2,149.20","2,149.20","2,149.20",-
"Apr 15, 2020","2,182.10","2,182.10","2,182.10","2,182.10","2,182.10",-
"Apr 14, 2020","2,213.90","2,213.90","2,213.90","2,213.90","2,213.90",-
"Apr 13, 2020","2,199.20","2,199.20","2,199.20","2,199.20","2,199.20",-
"Apr 09, 2020","2,138.50","2,138.50","2,138.50","2,138.50","2,138.50",-
"Apr 08, 2020","2,123.70","2,123.70","2,123.70","2,123.70","2,123.70",-
"Apr 07, 2020","2,122.80","2,122.80","2,122.80","2,122.80","2,122.80",-
"Apr 06, 2020","2,105.30","2,105.30","2,105.30","2,105.30","2,105.30",-
"Apr 03, 2020","2,134.50","2,134.50","2,134.50","2,134.50","2,134.50",-
"Apr 02, 2020","2,150.20","2,150.20","2,150.20","2,150.20","2,150.20",-
"Apr 01, 2020","2,169.30","2,169.30","2,169.30","2,169.30","2,169.30",-
"Mar 31, 2020","2,333.30","2,333.30","2,333.30","2,333.30","2,333.30",-
"Mar 30, 2020","2,226.10","2,226.10","2,226.10","2,226.10","2,226.10",-
"Mar 27, 2020","2,226.90","2,226.90","2,226.80","2,226.80","2,226.80",-
"Mar 26, 2020","2,256.20","2,256.20","2,256.20","2,256.20","2,256.20",-
"Mar 25, 2020","2,277.70","2,277.70","2,277.70","2,277.70","2,277.70",-
"Mar 24, 2020","1,817.00","1,817.00","1,817.00","1,817.00","1,817.00",-
"Mar 23, 2020","1,587.00","1,587.00","1,587.00","1,587.00","1,587.00",-
"Mar 20, 2020","1,570.30","1,570.30","1,570.30","1,570.30","1,570.30",-
"Mar 19, 2020","1,559.50","1,559.50","1,559.50","1,559.50","1,559.50",-
"Mar 18, 2020","1,449.90","1,449.90","1,449.90","1,449.90","1,449.90",-
"Mar 17, 2020","1,539.70","1,539.70","1,539.70","1,539.70","1,539.70",-
"Mar 16, 2020","1,544.20","1,544.20","1,544.20","1,544.20","1,544.20",-
"Mar 13, 2020","1,539.20","1,539.20","1,539.20","1,539.20","1,539.20",-
"Mar 12, 2020","2,220.00","2,220.00","1,625.00","1,945.00","1,945.00",10
"Mar 11, 2020","2,350.00","2,350.00","2,259.40","2,259.40","2,259.40",2
"Mar 10, 2020","2,380.00","2,380.00","2,335.10","2,347.50","2,347.50",1
"Mar 09, 2020","2,420.00","2,423.40","2,390.00","2,423.40","2,423.40",2
"Mar 06, 2020","2,551.10","2,571.10","2,456.90","2,456.90","2,456.90",4
"Mar 05, 2020","2,420.00","2,487.10","2,420.00","2,487.10","2,487.10",1
"Mar 04, 2020","2,400.40","2,426.20","2,399.80","2,402.70","2,402.70",16
"Mar 03, 2020","2,439.00","2,440.00","2,405.20","2,405.20","2,405.20",4
"Mar 02, 2020","2,535.00","2,535.00","2,445.40","2,445.40","2,445.40",9
"Feb 28, 2020","2,797.10","2,797.10","2,448.40","2,508.80","2,508.80",88
"Feb 27, 2020","2,713.20","2,815.50","2,675.00","2,744.70","2,744.70",534
"Feb 26, 2020","2,714.70","2,714.70","2,714.70","2,714.70","2,714.70","2,262"
"Feb 25, 2020","2,669.70","2,669.70","2,669.70","2,669.70","2,669.70",-
"Feb 24, 2020","2,543.20","2,543.20","2,543.20","2,543.20","2,543.20",-
"Feb 21, 2020","2,627.30","2,627.30","2,627.30","2,627.30","2,627.30",-
"Feb 20, 2020","2,595.80","2,595.80","2,595.80","2,595.80","2,595.80",-
"Feb 19, 2020","2,593.10","2,593.10","2,593.10","2,593.10","2,593.10",-
"Feb 18, 2020","2,519.50","2,519.50","2,519.50","2,519.50","2,519.50",-
"Feb 14, 2020","2,338.60","2,338.60","2,338.60","2,338.60","2,338.60",-
"Feb 13, 2020","2,372.90","2,372.90","2,372.90","2,372.90","2,372.90",-
"Feb 12, 2020","2,344.40","2,344.40","2,344.40","2,344.40","2,344.40",-
"Feb 11, 2020","2,287.60","2,287.60","2,287.60","2,287.60","2,287.60",-
"Feb 10, 2020","2,271.70","2,271.70","2,271.70","2,271.70","2,271.70",-
"Feb 07, 2020","2,232.10","2,232.10","2,232.10","2,232.10","2,232.10",-
"Feb 06, 2020","2,259.10","2,259.10","2,259.10","2,259.10","2,259.10",-
"Feb 05, 2020","2,348.60","2,348.60","2,348.60","2,348.60","2,348.60",-
"Feb 04, 2020","2,357.50","2,357.50","2,357.50","2,357.50","2,357.50",-
"Feb 03, 2020","2,255.40","2,255.40","2,255.40","2,255.40","2,255.40",-
"Jan 31, 2020","2,246.60","2,246.60","2,246.60","2,246.60","2,246.60",-
"Jan 30, 2020","2,237.60","2,237.60","2,237.60","2,237.60","2,237.60",-
"Jan 29, 2020","2,247.20","2,247.20","2,247.20","2,247.20","2,247.20",-
"Jan 28, 2020","2,230.10","2,230.10","2,230.10","2,230.10","2,230.10",-
"Jan 27, 2020","2,208.60","2,208.60","2,208.60","2,208.60","2,208.60",-
"Jan 24, 2020","2,329.30","2,329.30","2,329.30","2,329.30","2,329.30",-
"Jan 23, 2020","2,342.00","2,342.00","2,342.00","2,342.00","2,342.00",-
"Jan 22, 2020","2,348.60","2,348.60","2,348.60","2,348.60","2,348.60",-
"Jan 21, 2020","2,245.70","2,245.70","2,245.70","2,245.70","2,245.70",-
"Jan 17, 2020","2,237.90","2,237.90","2,237.90","2,237.90","2,237.90",-
"Jan 16, 2020","2,188.80","2,188.80","2,188.80","2,188.80","2,188.80",-
"Jan 15, 2020","2,176.10","2,176.10","2,176.10","2,176.10","2,176.10",-
"Jan 14, 2020","2,123.30","2,123.30","2,123.30","2,123.30","2,123.30",-
"Jan 13, 2020","2,078.90","2,078.90","2,078.90","2,078.90","2,078.90",-
"Jan 10, 2020","2,072.70","2,072.70","2,072.70","2,072.70","2,072.70",-
"Jan 09, 2020","2,060.20","2,060.20","2,060.20","2,060.20","2,060.20",-
"Jan 08, 2020","2,061.20","2,061.20","2,061.20","2,061.20","2,061.20",-
"Jan 07, 2020","2,014.10","2,014.10","2,014.10","2,014.10","2,014.10",-
"Jan 06, 2020","1,989.40","1,989.40","1,989.40","1,989.40","1,989.40",-
"Jan 03, 2020","1,955.50","1,955.50","1,955.50","1,955.50","1,955.50",-
"Jan 02, 2020","1,927.80","1,927.80","1,927.80","1,927.80","1,927.80",-
"Dec 31, 2019","1,909.10","1,909.10","1,909.10","1,909.10","1,909.10",-
"Dec 30, 2019","1,880.30","1,880.30","1,880.30","1,880.30","1,880.30",-
"Dec 27, 2019","1,881.10","1,881.10","1,881.10","1,881.10","1,881.10",-
"Dec 26, 2019","1,868.50","1,868.50","1,868.50","1,868.50","1,868.50",-
"Dec 24, 2019","1,851.70","1,851.70","1,851.70","1,851.70","1,851.70",-
"Dec 23, 2019","1,848.90","1,848.90","1,848.90","1,848.90","1,848.90",-
"Dec 20, 2019","1,808.80","1,808.80","1,808.80","1,808.80","1,808.80",-
"Dec 19, 2019","1,900.90","1,900.90","1,900.90","1,900.90","1,900.90",-
"Dec 18, 2019","1,896.10","1,896.10","1,896.10","1,896.10","1,896.10",-
"Dec 17, 2019","1,963.00","1,963.00","1,918.50","1,918.50","1,918.50",20
"Dec 16, 2019","1,933.00","1,963.50","1,933.00","1,963.50","1,963.50",7
"Dec 13, 2019","1,890.40","1,890.40","1,890.40","1,890.40","1,890.40",1
"Dec 12, 2019","1,915.00","1,915.00","1,914.10","1,914.10","1,914.10",2
"Dec 11, 2019","1,887.30","1,887.30","1,887.30","1,887.30","1,887.30",-
"Dec 10, 2019","1,871.30","1,871.30","1,871.30","1,871.30","1,871.30",-
"Dec 09, 2019","1,861.00","1,870.00","1,854.20","1,858.80","1,858.80",9
"Dec 06, 2019","1,845.90","1,845.90","1,843.80","1,844.20","1,844.20",6
"Dec 05, 2019","1,839.40","1,849.20","1,839.10","1,849.20","1,849.20",3
"Dec 04, 2019","1,850.50","1,850.50","1,848.90","1,848.90","1,848.90",2
"Dec 03, 2019","1,840.00","1,840.00","1,828.20","1,828.20","1,828.20",45
"Dec 02, 2019","1,831.10","1,831.10","1,830.20","1,830.20","1,830.20",5
"Nov 29, 2019","1,813.60","1,828.90","1,808.50","1,815.60","1,815.60",113
"Nov 27, 2019",-,-,-,-,-,-
"Nov 26, 2019","1,784.80","1,784.80","1,784.80","1,784.80","1,784.80","1,264"
"Nov 25, 2019","1,773.90","1,773.90","1,773.90","1,773.90","1,773.90",-
"Nov 22, 2019","1,745.90","1,745.90","1,745.90","1,745.90","1,745.90",-
"Nov 21, 2019","1,734.40","1,734.40","1,734.40","1,734.40","1,734.40",-
"Nov 20, 2019","1,744.30","1,744.30","1,744.30","1,744.30","1,744.30",-
"Nov 19, 2019","1,739.90","1,739.90","1,739.90","1,739.90","1,739.90",-
"Nov 18, 2019","1,706.90","1,706.90","1,706.90","1,706.90","1,706.90",-
"Nov 15, 2019","1,685.00","1,685.00","1,685.00","1,685.00","1,685.00",-
"Nov 14, 2019","1,704.60","1,704.60","1,704.60","1,704.60","1,704.60",-
"Nov 13, 2019","1,677.60","1,677.60","1,677.60","1,677.60","1,677.60",-
"Nov 12, 2019","1,672.60","1,672.60","1,672.60","1,672.60","1,672.60",-
"Nov 11, 2019","1,658.50","1,658.50","1,658.50","1,658.50","1,658.50",-
"Nov 08, 2019","1,711.10","1,711.10","1,711.10","1,711.10","1,711.10",-
"Nov 07, 2019","1,780.30","1,780.30","1,780.30","1,780.30","1,780.30",-
"Nov 06, 2019","1,763.60","1,763.60","1,763.60","1,763.60","1,763.60",-
"Nov 05, 2019","1,749.20","1,749.20","1,749.20","1,749.20","1,749.20",-
"Nov 04, 2019","1,755.30","1,755.30","1,755.30","1,755.30","1,755.30",-
"Nov 01, 2019","1,786.80","1,786.80","1,786.80","1,786.80","1,786.80",-
"Oct 31, 2019","1,758.10","1,758.10","1,758.10","1,758.10","1,758.10",-
"Oct 30, 2019","1,794.60","1,794.60","1,794.60","1,794.60","1,794.60",-
"Oct 29, 2019","1,756.50","1,756.50","1,756.50","1,756.50","1,756.50",-
"Oct 28, 2019","1,780.70","1,780.70","1,780.70","1,780.70","1,780.70",-
"Oct 25, 2019","1,745.60","1,745.60","1,745.60","1,745.60","1,745.60",-
"Oct 24, 2019","1,749.30","1,749.30","1,749.30","1,749.30","1,749.30",-
"Oct 23, 2019","1,716.00","1,716.00","1,716.00","1,716.00","1,716.00",-
"Oct 22, 2019","1,729.90","1,729.90","1,729.90","1,729.90","1,729.90",-
"Oct 21, 2019","1,726.70","1,726.70","1,726.70","1,726.70","1,726.70",-
"Oct 18, 2019","1,719.00","1,719.00","1,719.00","1,719.00","1,719.00",-
"Oct 17, 2019","1,732.10","1,732.10","1,732.10","1,732.10","1,732.10",-
"Oct 16, 2019","1,736.40","1,736.40","1,736.40","1,736.40","1,736.40",-
"Oct 15, 2019","1,698.00","1,698.00","1,698.00","1,698.00","1,698.00",-
"Oct 14, 2019","1,688.40","1,688.40","1,688.40","1,688.40","1,688.40",-
"Oct 11, 2019","1,671.50","1,671.50","1,671.50","1,671.50","1,671.50",-
"Oct 10, 2019","1,677.30","1,677.30","1,677.30","1,677.30","1,677.30",-
"Oct 09, 2019","1,656.10","1,656.10","1,656.10","1,656.10","1,656.10",-
"Oct 08, 2019","1,652.10","1,652.10","1,652.10","1,652.10","1,652.10",-
"Oct 07, 2019","1,647.70","1,647.70","1,647.70","1,647.70","1,647.70",-
"Oct 04, 2019","1,643.80","1,643.80","1,643.80","1,643.80","1,643.80",-
"Oct 03, 2019","1,631.60","1,631.60","1,631.60","1,631.60","1,631.60",-
"Oct 02, 2019","1,666.90","1,666.90","1,666.90","1,666.90","1,666.90",-
"Oct 01, 2019","1,632.10","1,632.10","1,632.10","1,632.10","1,632.10",-
"Sep 30, 2019","1,648.90","1,648.90","1,648.90","1,648.90","1,648.90",-
"Sep 27, 2019","1,654.30","1,654.30","1,654.30","1,654.30","1,654.30",-
"Sep 26, 2019","1,644.70","1,644.70","1,644.70","1,644.70","1,644.70",-
"Sep 25, 2019","1,625.00","1,625.00","1,613.60","1,613.60","1,613.60",1
"Sep 24, 2019","1,693.00","1,693.00","1,648.20","1,648.20","1,648.20",3
"Sep 23, 2019","1,627.40","1,627.40","1,627.40","1,627.40","1,627.40",-
"Sep 20, 2019","1,631.40","1,639.70","1,626.80","1,626.80","1,626.80",2
"Sep 19, 2019","1,614.40","1,614.40","1,614.40","1,614.40","1,614.40",-
"Sep 18, 2019","1,579.30","1,579.30","1,579.30","1,579.30","1,579.30",-
"Sep 17, 2019","1,595.40","1,595.40","1,595.40","1,595.40","1,595.40",-
"Sep 16, 2019","1,591.50","1,591.50","1,591.50","1,591.50","1,591.50",-
"Sep 13, 2019","1,600.50","1,600.50","1,600.50","1,600.50","1,600.50",-
"Sep 12, 2019","1,604.60","1,604.60","1,604.60","1,604.60","1,604.60",-
"Sep 11, 2019","1,573.00","1,573.00","1,556.60","1,556.60","1,556.60",9
"Sep 10, 2019","1,552.40","1,553.90","1,552.40","1,553.00","1,553.00",3
"Sep 09, 2019","1,535.90","1,539.90","1,535.00","1,535.90","1,535.90",2
"Sep 06, 2019","1,544.10","1,544.10","1,535.00","1,544.10","1,544.10",1
"Sep 05, 2019","1,549.00","1,560.20","1,541.20","1,560.20","1,560.20",27
"Sep 04, 2019","1,551.10","1,551.10","1,550.30","1,550.30","1,550.30",7
"Sep 03, 2019","1,520.50","1,535.00","1,520.50","1,533.20","1,533.20",24
"Aug 30, 2019","1,470.20","1,539.10","1,470.20","1,538.60","1,538.60",320
"Aug 29, 2019","1,465.00","1,480.60","1,463.00","1,469.10","1,469.10",989
"Aug 28, 2019","1,459.80","1,459.80","1,459.80","1,459.80","1,459.80","2,897"
"Aug 27, 2019","1,477.30","1,477.30","1,477.30","1,477.30","1,477.30",-
"Aug 26, 2019","1,471.30","1,471.30","1,471.30","1,471.30","1,471.30",-
"Aug 23, 2019","1,453.30","1,453.30","1,453.30","1,453.30","1,453.30",-
"Aug 22, 2019","1,484.00","1,484.00","1,480.00","1,484.00","1,484.00",1
"Aug 21, 2019","1,464.20","1,464.20","1,464.20","1,464.20","1,464.20",-
"Aug 20, 2019","1,480.50","1,487.80","1,480.50","1,487.80","1,487.80",1
"Aug 19, 2019","1,473.30","1,473.30","1,473.30","1,473.30","1,473.30",-
"Aug 16, 2019","1,439.30","1,443.90","1,439.30","1,439.30","1,439.30",10
"Aug 15, 2019","1,439.00","1,439.00","1,437.10","1,439.00","1,439.00",1
"Aug 14, 2019","1,416.00","1,416.00","1,416.00","1,416.00","1,416.00",1
"Aug 13, 2019","1,450.60","1,450.60","1,450.60","1,450.60","1,450.60",-
"Aug 12, 2019","1,428.90","1,428.90","1,428.90","1,428.90","1,428.90",-
"Aug 09, 2019","1,414.10","1,414.10","1,414.10","1,414.10","1,414.10",-
"Aug 08, 2019","1,408.30","1,408.30","1,408.30","1,408.30","1,408.30",-
"Aug 07, 2019","1,405.10","1,405.10","1,405.10","1,405.10","1,405.10",-
"Aug 06, 2019","1,431.80","1,431.80","1,431.80","1,431.80","1,431.80",-
"Aug 05, 2019","1,411.10","1,411.10","1,411.10","1,411.10","1,411.10",-
"Aug 02, 2019","1,399.00","1,399.00","1,399.00","1,399.00","1,399.00",-
"Aug 01, 2019","1,409.10","1,409.10","1,409.10","1,409.10","1,409.10",-
"Jul 31, 2019","1,519.20","1,519.20","1,519.20","1,519.20","1,519.20",-
"Jul 30, 2019","1,503.90","1,503.90","1,503.90","1,503.90","1,503.90",-
"Jul 29, 2019","1,550.30","1,550.30","1,550.30","1,550.30","1,550.30",-
"Jul 26, 2019","1,527.50","1,527.50","1,527.50","1,527.50","1,527.50",-
"Jul 25, 2019","1,530.40","1,530.40","1,530.40","1,530.40","1,530.40",-
"Jul 24, 2019","1,535.00","1,535.00","1,535.00","1,535.00","1,535.00",-
"Jul 23, 2019","1,515.10","1,515.10","1,515.10","1,515.10","1,515.10",-
"Jul 22, 2019","1,525.70","1,525.70","1,525.70","1,525.70","1,525.70",-
"Jul 19, 2019","1,504.80","1,504.80","1,504.80","1,504.80","1,504.80",-
"Jul 18, 2019","1,508.40","1,508.40","1,508.40","1,508.40","1,508.40",-
"Jul 17, 2019","1,539.70","1,539.70","1,539.70","1,539.70","1,539.70",-
"Jul 16, 2019","1,512.80","1,512.80","1,512.80","1,512.80","1,512.80",-
"Jul 15, 2019","1,559.40","1,559.40","1,559.40","1,559.40","1,559.40",-
"Jul 12, 2019","1,538.90","1,538.90","1,538.90","1,538.90","1,538.90",-
"Jul 11, 2019","1,555.60","1,555.60","1,555.60","1,555.60","1,555.60",-
"Jul 10, 2019","1,584.60","1,584.60","1,584.60","1,584.60","1,584.60",-
"Jul 09, 2019","1,534.60","1,534.60","1,534.60","1,534.60","1,534.60",-
"Jul 08, 2019","1,552.50","1,552.50","1,552.50","1,552.50","1,552.50",-
"Jul 05, 2019","1,558.60","1,558.60","1,558.60","1,558.60","1,558.60",-
"Jul 03, 2019","1,559.80","1,559.80","1,559.80","1,559.80","1,559.80",-
"Jul 02, 2019","1,547.20","1,547.20","1,547.20","1,547.20","1,547.20",-
"Jul 01, 2019","1,539.10","1,539.10","1,539.10","1,539.10","1,539.10",-
"Jun 28, 2019","1,532.40","1,532.40","1,532.40","1,532.40","1,532.40",-
"Jun 27, 2019","1,532.20","1,532.20","1,532.20","1,532.20","1,532.20",10
"Jun 26, 2019","1,518.00","1,518.00","1,518.00","1,518.00","1,518.00",10
"Jun 25, 2019","1,521.80","1,521.80","1,521.80","1,521.80","1,521.80",15
"Jun 24, 2019","1,520.40","1,520.40","1,520.40","1,520.40","1,520.40",14
"Jun 21, 2019","1,491.30","1,491.30","1,491.30","1,491.30","1,491.30",-
"Jun 20, 2019","1,501.30","1,501.30","1,472.10","1,472.10","1,472.10",2
"Jun 19, 2019","1,484.10","1,484.10","1,484.10","1,484.10","1,484.10",1
"Jun 18, 2019","1,464.40","1,464.40","1,464.40","1,464.40","1,464.40",7
"Jun 17, 2019","1,446.60","1,446.60","1,446.60","1,446.60","1,446.60",-
"Jun 14, 2019","1,430.80","1,452.70","1,430.00","1,452.70","1,452.70",12
"Jun 13, 2019","1,399.40","1,432.60","1,399.40","1,429.60","1,429.60",9
"Jun 12, 2019","1,384.90","1,397.40","1,377.10","1,397.40","1,397.40",12
"Jun 11, 2019","1,381.50","1,381.50","1,381.50","1,381.50","1,381.50",6
"Jun 10, 2019","1,350.00","1,378.60","1,350.00","1,378.60","1,378.60",14
"Jun 07, 2019","1,349.50","1,349.50","1,349.50","1,349.50","1,349.50",-
"Jun 06, 2019","1,325.90","1,342.60","1,325.90","1,342.60","1,342.60",4
"Jun 05, 2019","1,338.00","1,338.00","1,322.50","1,322.50","1,322.50",3
"Jun 04, 2019","1,330.00","1,341.30","1,330.00","1,337.10","1,337.10",12
"Jun 03, 2019","1,324.00","1,336.00","1,310.10","1,313.70","1,313.70",29
"May 31, 2019","1,366.60","1,367.60","1,324.00","1,333.90","1,333.90",58
"May 30, 2019","1,345.70","1,378.90","1,331.70","1,369.80","1,369.80","1,627"
"May 29, 2019","1,353.30","1,353.30","1,353.30","1,353.30","1,353.30","2,751"
"May 28, 2019","1,344.20","1,344.20","1,344.20","1,344.20","1,344.20",-
"May 24, 2019","1,330.40","1,330.40","1,330.40","1,330.40","1,330.40",-
"May 23, 2019","1,312.50","1,312.50","1,312.50","1,312.50","1,312.50",-
"May 22, 2019","1,318.20","1,318.20","1,318.20","1,318.20","1,318.20",-
"May 21, 2019","1,317.20","1,317.20","1,317.20","1,317.20","1,317.20",-
"May 20, 2019","1,335.70","1,335.70","1,335.70","1,335.70","1,335.70",-
"May 17, 2019","1,310.50","1,310.50","1,310.50","1,310.50","1,310.50",-
"May 16, 2019","1,329.40","1,329.40","1,329.40","1,329.40","1,329.40",-
"May 15, 2019","1,337.60","1,337.60","1,337.60","1,337.60","1,337.60",-
"May 14, 2019","1,337.70","1,337.70","1,337.70","1,337.70","1,337.70",-
"May 13, 2019","1,321.50","1,321.50","1,321.50","1,321.50","1,321.50",-
"May 10, 2019","1,355.40","1,355.40","1,355.40","1,355.40","1,355.40",-
"May 09, 2019","1,287.70","1,287.70","1,287.70","1,287.70","1,287.70",-
"May 08, 2019","1,311.10","1,311.10","1,311.10","1,311.10","1,311.10",-
"May 07, 2019","1,328.10","1,328.10","1,328.10","1,328.10","1,328.10",-
"May 06, 2019","1,332.80","1,332.80","1,332.80","1,332.80","1,332.80",-
"May 03, 2019","1,362.70","1,362.70","1,362.70","1,362.70","1,362.70",-
"May 02, 2019","1,347.90","1,347.90","1,347.90","1,347.90","1,347.90",-
"May 01, 2019","1,349.10","1,349.10","1,349.10","1,349.10","1,349.10",-
"Apr 30, 2019","1,387.40","1,387.40","1,387.40","1,387.40","1,387.40",-
"Apr 29, 2019","1,366.70","1,366.70","1,366.70","1,366.70","1,366.70",-
"Apr 26, 2019","1,452.20","1,452.20","1,452.20","1,452.20","1,452.20",-
"Apr 25, 2019","1,411.90","1,411.90","1,411.90","1,411.90","1,411.90",-
"Apr 24, 2019","1,410.10","1,410.10","1,410.10","1,410.10","1,410.10",-
"Apr 23, 2019","1,380.60","1,380.60","1,380.60","1,380.60","1,380.60",-
"Apr 22, 2019","1,374.80","1,374.80","1,374.80","1,374.80","1,374.80",-
"Apr 18, 2019","1,403.50","1,403.50","1,403.50","1,403.50","1,403.50",-
"Apr 17, 2019","1,383.60","1,383.60","1,383.60","1,383.60","1,383.60",-
"Apr 16, 2019","1,333.40","1,333.40","1,333.40","1,333.40","1,333.40",-
"Apr 15, 2019","1,339.70","1,339.70","1,339.70","1,339.70","1,339.70",-
"Apr 12, 2019","1,345.20","1,355.20","1,345.20","1,355.20","1,355.20",-
"Apr 11, 2019","1,335.80","1,335.80","1,335.80","1,335.80","1,335.80",-
"Apr 10, 2019","1,366.40","1,366.40","1,366.40","1,366.40","1,366.40",-
"Apr 09, 2019","1,365.80","1,365.80","1,365.80","1,365.80","1,365.80",-
"Apr 08, 2019","1,356.30","1,356.30","1,356.30","1,356.30","1,356.30",-
"Apr 05, 2019","1,349.10","1,349.10","1,349.10","1,349.10","1,349.10",-
"Apr 04, 2019","1,335.50","1,335.50","1,335.50","1,335.50","1,335.50",-
"Apr 03, 2019","1,381.30","1,381.30","1,381.30","1,381.30","1,381.30",-
"Apr 02, 2019","1,403.50","1,403.50","1,403.50","1,403.50","1,403.50",-
"Apr 01, 2019","1,395.00","1,395.00","1,395.00","1,395.00","1,395.00",-
"Mar 29, 2019","1,345.00","1,345.00","1,345.00","1,345.00","1,345.00",-
"Mar 28, 2019","1,312.90","1,312.90","1,312.90","1,312.90","1,312.90",-
"Mar 27, 2019","1,523.10","1,523.10","1,441.90","1,441.90","1,441.90",-
"Mar 26, 2019","1,536.30","1,536.30","1,536.30","1,536.30","1,536.30",-
"Mar 25, 2019","1,563.80","1,563.80","1,563.80","1,563.80","1,563.80",-
"Mar 22, 2019","1,599.10","1,599.10","1,535.90","1,535.90","1,535.90",6
"Mar 21, 2019","1,599.00","1,599.00","1,578.30","1,578.30","1,578.30",3
"Mar 20, 2019","1,583.50","1,589.10","1,580.80","1,580.80","1,580.80",4
"Mar 19, 2019","1,575.60","1,575.70","1,569.70","1,569.70","1,569.70",4
"Mar 18, 2019","1,556.80","1,556.80","1,556.80","1,556.80","1,556.80",1
"Mar 15, 2019","1,535.00","1,535.60","1,535.00","1,535.60","1,535.60",2
"Mar 14, 2019","1,530.10","1,531.70","1,530.10","1,531.70","1,531.70",5
"Mar 13, 2019","1,535.70","1,535.70","1,525.10","1,535.70","1,535.70",8
"Mar 12, 2019","1,519.90","1,519.90","1,519.90","1,519.90","1,519.90",-
"Mar 11, 2019","1,500.10","1,510.00","1,500.10","1,503.70","1,503.70",10
"Mar 08, 2019","1,502.40","1,502.40","1,489.00","1,489.00","1,489.00",6
"Mar 07, 2019","1,509.90","1,512.40","1,505.40","1,512.40","1,512.40",8
"Mar 06, 2019","1,512.20","1,519.80","1,501.60","1,516.90","1,516.90",7
"Mar 05, 2019","1,505.00","1,511.10","1,496.40","1,496.40","1,496.40",15
"Mar 04, 2019","1,532.50","1,535.80","1,515.60","1,515.60","1,515.60",7
"Mar 01, 2019","1,543.00","1,550.00","1,528.50","1,536.60","1,536.60",20
"Feb 28, 2019","1,506.30","1,553.00","1,503.50","1,532.00","1,532.00",60
"Feb 27, 2019","1,528.20","1,537.40","1,496.00","1,523.40","1,523.40","2,006"
"Feb 26, 2019","1,533.60","1,533.60","1,533.60","1,533.60","1,533.60","4,002"
"Feb 25, 2019","1,506.60","1,506.60","1,506.60","1,506.60","1,506.60",-
"Feb 22, 2019","1,472.30","1,472.30","1,472.30","1,472.30","1,472.30",-
"Feb 21, 2019","1,455.20","1,455.20","1,455.20","1,455.20","1,455.20",9
"Feb 20, 2019","1,500.50","1,500.50","1,500.50","1,500.50","1,500.50",-
"Feb 19, 2019","1,492.30","1,492.30","1,460.70","1,492.30","1,492.30",1
"Feb 15, 2019","1,445.60","1,445.60","1,445.60","1,445.60","1,445.60",1
"Feb 14, 2019","1,424.30","1,424.30","1,424.30","1,424.30","1,424.30",-
"Feb 13, 2019","1,411.00","1,411.00","1,411.00","1,411.00","1,411.00",-
"Feb 12, 2019","1,413.80","1,413.80","1,413.80","1,413.80","1,413.80",-
"Feb 11, 2019","1,395.20","1,395.20","1,395.20","1,395.20","1,395.20",-
"Feb 08, 2019","1,409.60","1,409.60","1,409.60","1,409.60","1,409.60",-
"Feb 07, 2019","1,396.50","1,396.50","1,396.50","1,396.50","1,396.50",-
"Feb 06, 2019","1,390.00","1,390.00","1,390.00","1,390.00","1,390.00",-
"Feb 05, 2019","1,379.60","1,379.60","1,379.60","1,379.60","1,379.60",-
"Feb 04, 2019","1,368.80","1,368.80","1,368.80","1,368.80","1,368.80",-
"Feb 01, 2019","1,352.00","1,352.00","1,352.00","1,352.00","1,352.00",-
"Jan 31, 2019","1,338.30","1,338.30","1,338.30","1,338.30","1,338.30",-
"Jan 30, 2019","1,354.80","1,354.80","1,354.80","1,354.80","1,354.80",-
"Jan 29, 2019","1,342.60","1,342.60","1,342.60","1,342.60","1,342.60",-
"Jan 28, 2019","1,328.30","1,328.30","1,328.30","1,328.30","1,328.30",-
"Jan 25, 2019","1,358.80","1,358.80","1,358.80","1,358.80","1,358.80",-
"Jan 24, 2019","1,319.70","1,319.70","1,319.70","1,319.70","1,319.70",-
"Jan 23, 2019","1,347.20","1,347.20","1,347.20","1,347.20","1,347.20",-
"Jan 22, 2019","1,345.50","1,345.50","1,345.50","1,345.50","1,345.50",-
"Jan 18, 2019","1,374.10","1,374.10","1,374.10","1,374.10","1,374.10",7
"Jan 17, 2019","1,345.70","1,345.70","1,345.70","1,345.70","1,345.70",-
"Jan 16, 2019","1,316.00","1,316.00","1,316.00","1,316.00","1,316.00",-
"Jan 15, 2019","1,274.60","1,274.60","1,274.60","1,274.60","1,274.60",-
"Jan 14, 2019","1,279.50","1,279.50","1,279.50","1,279.50","1,279.50",-
"Jan 11, 2019","1,276.20","1,276.20","1,276.20","1,276.20","1,276.20",-
"Jan 10, 2019","1,274.40","1,274.40","1,270.70","1,270.70","1,270.70",1
"Jan 09, 2019","1,326.10","1,326.10","1,326.10","1,326.10","1,326.10",-
"Jan 08, 2019","1,318.10","1,318.10","1,318.10","1,318.10","1,318.10",-
"Jan 07, 2019","1,296.90","1,296.90","1,296.90","1,296.90","1,296.90",-
"Jan 04, 2019","1,291.10","1,291.10","1,291.10","1,291.10","1,291.10",-
"Jan 03, 2019","1,257.00","1,257.00","1,257.00","1,257.00","1,257.00",-
"Jan 02, 2019","1,255.50","1,255.50","1,255.50","1,255.50","1,255.50",-
"Dec 31, 2018","1,253.90","1,253.90","1,253.90","1,253.90","1,253.90",-
"Dec 28, 2018","1,240.10","1,240.10","1,240.10","1,240.10","1,240.10",-
"Dec 27, 2018","1,250.10","1,253.40","1,250.10","1,253.40","1,253.40",-
"Dec 26, 2018","1,234.90","1,234.90","1,234.90","1,234.90","1,234.90",1
"Dec 24, 2018","1,220.00","1,225.10","1,220.00","1,225.10","1,225.10",4
"Dec 21, 2018","1,243.50","1,243.50","1,207.70","1,207.70","1,207.70",2
"Dec 20, 2018","1,245.00","1,245.00","1,230.00","1,230.80","1,230.80",4
"Dec 19, 2018","1,222.90","1,240.20","1,222.90","1,240.20","1,240.20",4
"Dec 18, 2018","1,228.90","1,228.90","1,218.10","1,218.10","1,218.10",4
"Dec 17, 2018","1,212.00","1,212.00","1,212.00","1,212.00","1,212.00",-
"Dec 14, 2018","1,204.00","1,204.00","1,198.60","1,198.60","1,198.60",9
"Dec 13, 2018","1,216.30","1,216.30","1,216.30","1,216.30","1,216.30",-
"Dec 12, 2018","1,222.20","1,223.40","1,220.10","1,220.10","1,220.10",6
"Dec 11, 2018","1,208.70","1,208.70","1,202.90","1,202.90","1,202.90",28
"Dec 10, 2018","1,191.70","1,191.70","1,184.30","1,184.30","1,184.30",10
"Dec 07, 2018","1,166.10","1,196.40","1,166.10","1,196.40","1,196.40",10
"Dec 06, 2018","1,186.30","1,186.30","1,167.50","1,167.50","1,167.50",6
"Dec 04, 2018","1,200.20","1,213.90","1,200.20","1,204.20","1,204.20",13
"Dec 03, 2018","1,181.00","1,196.70","1,181.00","1,189.60","1,189.60",18
"Nov 30, 2018","1,188.00","1,198.00","1,168.60","1,168.60","1,168.60",46
"Nov 29, 2018","1,162.20","1,180.40","1,149.00","1,163.40","1,163.40",979
"Nov 28, 2018","1,178.30","1,178.30","1,178.30","1,178.30","1,178.30","2,522"
"Nov 27, 2018","1,148.40","1,148.40","1,148.40","1,148.40","1,148.40",20
"Nov 26, 2018","1,141.30","1,141.30","1,141.30","1,141.30","1,141.30",-
"Nov 23, 2018","1,131.10","1,131.10","1,131.10","1,131.10","1,131.10",20
"Nov 21, 2018","1,149.80","1,149.80","1,149.80","1,149.80","1,149.80",-
"Nov 20, 2018","1,142.70","1,142.70","1,142.70","1,142.70","1,142.70",-
"Nov 19, 2018","1,157.90","1,157.90","1,157.90","1,157.90","1,157.90",-
"Nov 16, 2018","1,171.20","1,171.20","1,171.20","1,171.20","1,171.20",-
"Nov 15, 2018","1,154.00","1,154.00","1,154.00","1,154.00","1,154.00",-
"Nov 14, 2018","1,126.80","1,126.80","1,126.80","1,126.80","1,126.80",-
"Nov 13, 2018","1,108.70","1,108.70","1,108.70","1,108.70","1,108.70",-
"Nov 12, 2018","1,102.20","1,102.20","1,102.20","1,102.20","1,102.20",-
"Nov 09, 2018","1,114.10","1,114.10","1,114.10","1,114.10","1,114.10",-
"Nov 08, 2018","1,132.70","1,132.70","1,132.70","1,132.70","1,132.70",-
"Nov 07, 2018","1,137.30","1,137.30","1,137.30","1,137.30","1,137.30",-
"Nov 06, 2018","1,111.90","1,111.90","1,111.90","1,111.90","1,111.90",-
"Nov 05, 2018","1,138.20","1,138.20","1,138.20","1,138.20","1,138.20",-
"Nov 02, 2018","1,121.10","1,121.10","1,121.10","1,121.10","1,121.10",-
"Nov 01, 2018","1,098.00","1,098.00","1,098.00","1,098.00","1,098.00",-
"Oct 31, 2018","1,085.10","1,085.10","1,085.10","1,085.10","1,085.10",-
"Oct 30, 2018","1,071.60","1,071.60","1,071.60","1,071.60","1,071.60",-
"Oct 29, 2018","1,097.30","1,097.30","1,097.30","1,097.30","1,097.30",-
"Oct 26, 2018","1,103.90","1,103.90","1,103.90","1,103.90","1,103.90",-
"Oct 25, 2018","1,105.60","1,105.60","1,105.60","1,105.60","1,105.60",-
"Oct 24, 2018","1,130.30","1,130.30","1,130.30","1,130.30","1,130.30",-
"Oct 23, 2018","1,140.80","1,140.80","1,140.80","1,140.80","1,140.80",-
"Oct 22, 2018","1,125.70","1,125.70","1,125.70","1,125.70","1,125.70",-
"Oct 19, 2018","1,087.90","1,087.90","1,087.90","1,087.90","1,087.90",-
"Oct 18, 2018","1,082.70","1,082.70","1,082.70","1,082.70","1,082.70",-
"Oct 17, 2018","1,085.60","1,085.60","1,085.60","1,085.60","1,085.60",-
"Oct 16, 2018","1,091.90","1,091.90","1,091.90","1,091.90","1,091.90",-
"Oct 15, 2018","1,096.20","1,096.20","1,096.20","1,096.20","1,096.20",-
"Oct 12, 2018","1,078.80","1,078.80","1,078.80","1,078.80","1,078.80",-
"Oct 11, 2018","1,093.20","1,093.20","1,093.20","1,093.20","1,093.20",-
"Oct 10, 2018","1,085.20","1,085.20","1,085.20","1,085.20","1,085.20",-
"Oct 09, 2018","1,080.10","1,080.10","1,080.10","1,080.10","1,080.10",-
"Oct 08, 2018","1,086.90","1,086.90","1,086.90","1,086.90","1,086.90",-
"Oct 05, 2018","1,075.10","1,075.10","1,075.10","1,075.10","1,075.10",-
"Oct 04, 2018","1,063.50","1,063.50","1,063.50","1,063.50","1,063.50",-
"Oct 03, 2018","1,071.00","1,071.00","1,071.00","1,071.00","1,071.00",-
"Oct 02, 2018","1,068.70","1,068.70","1,068.70","1,068.70","1,068.70",-
"Oct 01, 2018","1,074.40","1,074.40","1,074.40","1,074.40","1,074.40",-
"Sep 28, 2018","1,090.80","1,090.80","1,090.80","1,090.80","1,090.80",-
"Sep 27, 2018","1,089.20","1,089.20","1,089.20","1,089.20","1,089.20",-
"Sep 26, 2018","1,082.60","1,082.60","1,082.60","1,082.60","1,082.60",-
"Sep 25, 2018","1,068.60","1,073.30","1,068.60","1,073.30","1,073.30",3
"Sep 24, 2018","1,071.60","1,071.60","1,071.60","1,071.60","1,071.60",-
"Sep 21, 2018","1,066.90","1,066.90","1,066.90","1,066.90","1,066.90",-
"Sep 20, 2018","1,060.00","1,066.80","1,060.00","1,066.80","1,066.80",1
"Sep 19, 2018","1,038.10","1,053.40","1,038.10","1,053.40","1,053.40",2
"Sep 18, 2018","1,010.10","1,027.40","1,010.10","1,027.40","1,027.40",2
"Sep 17, 2018",998.8,"1,005.30",998.8,"1,005.30","1,005.30",3
"Sep 14, 2018",999.9,"1,004.00",998.8,998.8,998.8,12
